"HouseID","BurglaryStatus","Gate","Garage","Outdoor_sitting","Security_lights"
"H1",1,1,0,0,0
"H2",1,0,0,0,0
"H3",1,0,0,0,0
"H4",1,0,0,0,0
"H5",1,0,0,0,1
"H6",1,0,0,0,0
"H7",1,1,0,0,0
"H8",1,0,0,0,0
"H9",1,1,0,0,1
"H10",1,0,0,0,1
"H11",1,1,0,1,1
"H12",1,0,0,0,0
"H13",1,1,0,0,0
"H14",1,0,0,0,1
"H15",1,1,0,0,1
"H16",1,0,0,0,0
"H17",1,0,0,0,0
"H18",1,0,0,0,0
"H19",1,0,1,0,0
"H20",1,1,0,0,0
"H21",1,0,0,1,0
"H22",1,1,0,0,1
"H23",1,0,0,0,0
"H24",1,0,0,0,0
"H25",1,0,1,0,1
"H26",1,0,0,0,0
"H27",1,1,0,0,1
"H28",1,1,0,0,0
"H29",1,1,0,0,1
"H30",1,1,0,0,0
"H31",1,0,0,1,0
"H32",1,1,0,0,1
"H33",1,1,0,0,1
"H34",1,0,0,1,1
"H35",1,1,0,1,0
"H36",1,0,0,1,0
"H37",1,0,0,1,1
"H38",1,1,0,1,1
"H39",1,1,0,1,0
"H40",1,1,0,1,0
"H41",1,0,1,0,1
"H42",1,1,0,0,0
"H43",1,0,0,0,1
"H44",1,0,0,0,0
"H45",1,1,0,0,1
"H46",1,1,0,0,0
"H47",1,0,0,0,1
"H48",1,0,0,0,1
"H49",1,1,0,0,0
"H50",1,1,0,0,0
"H51",1,1,0,0,1
"H52",1,0,0,0,1
"H53",1,1,0,1,1
"H54",1,1,0,0,0
"H55",1,1,0,0,0
"H56",1,0,0,0,0
"H57",1,1,0,0,1
"H58",1,1,0,0,1
"H59",1,0,0,1,1
"H60",1,1,0,1,0
"H61",1,1,0,0,1
"H62",1,1,0,0,1
"H63",1,1,0,0,1
"H64",1,1,0,1,0
"H65",1,1,0,0,1
"H66",1,1,0,0,0
"H67",1,1,0,0,1
"H68",1,0,0,1,0
"H69",1,1,1,0,1
"H70",1,1,1,1,1
"H71",1,1,0,1,0
"H72",1,0,0,0,0
"H73",1,1,0,0,1
"H74",1,1,0,0,1
"H75",1,0,0,0,0
"H76",1,1,0,0,1
"H77",1,0,0,0,0
"H78",1,0,0,0,0
"H79",1,1,1,0,1
"H80",1,0,0,0,1
"H81",1,0,0,0,0
"H82",1,0,0,0,0
"H83",1,0,0,0,0
"H84",1,1,0,0,0
"H85",1,0,0,0,1
"H86",1,0,0,1,0
"H87",1,1,0,0,0
"H88",1,1,0,0,0
"H89",1,1,0,0,0
"H90",1,1,0,0,1
"H91",1,1,0,0,1
"H92",1,0,0,0,0
"H93",1,0,0,0,0
"H94",1,1,0,0,0
"H95",1,1,0,0,0
"H96",1,1,0,0,0
"H97",1,1,0,0,0
"H98",1,1,0,0,1
"H99",1,0,0,0,1
"H100",1,1,0,0,0
"H101",1,1,0,0,0
"H102",1,1,0,0,0
"H103",1,1,0,0,0
"H104",1,1,0,0,1
"H105",1,1,0,0,1
"H106",1,1,0,0,1
"H107",1,1,0,1,1
"H108",1,1,0,1,1
"H109",1,1,0,0,0
"H110",1,0,0,1,0
"H111",1,1,0,0,1
"H112",1,1,0,1,1
"H113",1,0,0,1,0
"H114",1,1,0,1,0
"H115",1,1,0,0,1
"H116",1,1,0,0,1
"H117",1,1,0,0,1
"H118",1,1,0,0,1
"H119",1,1,0,0,0
"H120",1,1,0,0,1
"H121",1,1,0,0,0
"H122",1,1,0,0,1
"H123",1,1,0,0,1
"H124",1,1,0,0,1
"H125",1,0,0,0,1
"H126",1,0,0,0,1
"H127",1,0,0,1,0
"H128",1,1,0,0,1
"H129",1,0,0,1,0
"H130",1,1,0,1,1
"H131",1,1,0,1,1
"H132",1,0,0,1,0
"H133",1,1,0,1,0
"H134",1,0,0,1,1
"H135",1,0,0,0,0
"H136",1,0,0,0,0
"H137",1,0,0,0,0
"H138",1,0,0,0,1
"H139",1,0,0,0,0
"H140",1,1,0,1,1
"H141",1,0,0,0,1
"H142",1,0,0,0,1
"H143",1,0,0,1,1
"H144",1,1,1,0,0
"H145",1,0,0,1,1
"H146",1,0,0,1,0
"H147",1,1,0,0,1
"H148",1,1,1,0,1
"H149",1,1,0,0,0
"H150",1,0,0,0,0
"H151",1,0,0,0,1
"H152",1,1,0,0,0
"H153",1,1,0,1,1
"H154",1,1,1,1,1
"H155",1,0,0,0,0
"H156",1,0,0,1,0
"H157",1,1,0,1,0
"H158",1,1,0,1,0
"H159",1,1,0,0,1
"H160",1,0,0,1,1
"H161",1,1,0,1,0
"H162",1,0,0,0,0
"H163",1,1,0,0,0
"H164",1,0,0,0,0
"H165",1,0,0,0,0
"H166",1,0,0,0,0
"H167",1,0,0,0,0
"H168",1,0,0,1,0
"H169",1,0,0,0,1
"H170",1,0,0,0,1
"H171",1,0,0,0,0
"H172",1,0,0,1,0
"H173",1,0,0,1,0
"H174",1,1,0,0,1
"H175",1,0,0,0,1
"H176",1,0,0,0,0
"H177",1,0,0,0,1
"H178",1,0,0,0,0
"H179",1,1,0,0,1
"H180",1,1,0,0,1
"H181",1,0,0,0,0
"H182",1,1,0,0,1
"H183",1,0,0,1,0
"H184",1,0,0,1,0
"H185",1,0,0,1,0
"H186",1,0,0,1,0
"H187",1,0,0,1,0
"H188",1,1,0,1,0
"H189",1,0,0,0,0
"H190",1,0,0,0,0
"H191",1,1,0,0,1
"H192",1,0,0,0,0
"H193",1,1,1,0,1
"H194",1,0,0,0,0
"H195",1,1,0,0,0
"H196",1,0,0,0,1
"H197",1,1,0,0,0
"H198",1,0,0,0,0
"H199",1,1,0,0,0
"H200",1,1,0,0,1
"H201",1,1,0,0,1
"H202",1,1,0,0,0
"H203",1,1,0,0,1
"H204",1,1,0,0,1
"H205",1,1,0,1,1
"H206",1,0,0,0,0
"H207",1,0,0,0,0
"H208",1,1,0,0,0
"H209",1,1,0,0,0
"H210",1,1,0,0,0
"H211",1,1,0,0,0
"H212",1,1,0,0,0
"H213",1,1,0,0,0
"H214",1,1,0,0,0
"H215",1,1,0,0,1
"H216",1,0,0,0,0
"H217",1,1,0,0,1
"H218",1,1,0,0,0
"H219",1,1,0,1,1
"H220",1,1,0,0,1
"H221",1,1,0,0,1
"H222",1,1,0,0,0
"H223",1,1,0,0,0
"H224",1,1,0,0,1
"H225",1,1,0,0,1
"H226",1,1,0,0,1
"H227",1,1,0,0,1
"H228",1,1,0,0,1
"H229",1,1,0,0,1
"H230",1,1,0,0,1
"H231",1,1,0,0,1
"H232",1,1,0,0,0
"H233",1,1,0,0,1
"H234",1,1,0,0,1
"H235",1,1,0,0,1
"H236",1,1,0,1,1
"H237",1,1,0,0,0
"H238",1,1,0,0,0
"H239",1,1,0,1,1
"H240",1,0,0,1,0
"H241",1,1,0,0,1
"H242",1,1,0,1,1
"H243",1,0,0,1,0
"H244",1,1,0,0,0
"H245",1,0,0,0,0
"H246",1,0,0,0,1
"H247",1,1,0,0,1
"H248",1,1,0,0,0
"H249",1,0,0,0,0
"H250",1,1,0,0,1
"H251",1,1,0,0,1
"H252",1,1,0,0,1
"H253",1,1,0,0,1
"H254",1,1,0,0,1
"H255",1,1,0,0,1
"H256",1,1,0,0,1
"H257",1,1,0,1,1
"H258",1,1,0,0,1
"H259",1,1,0,0,0
"H260",1,1,0,0,1
"H261",1,1,0,0,1
"H262",1,1,0,0,1
"H263",1,1,0,0,0
"H264",1,1,0,0,1
"H265",1,1,0,0,1
"H266",1,1,0,0,1
"H267",1,1,0,0,1
"H268",1,1,0,0,1
"H269",1,1,0,0,0
"H270",1,1,0,0,1
"H271",1,1,0,0,0
"H272",1,1,0,0,1
"H273",1,1,0,0,1
"H274",1,1,0,0,0
"H275",1,1,0,0,1
"H276",1,1,0,0,1
"H277",1,1,0,1,1
"H278",1,1,0,0,1
"H279",1,1,0,0,1
"H280",1,0,0,1,0
"H281",1,0,0,1,0
"H282",1,0,0,0,1
"H283",1,1,0,1,0
"H284",1,0,0,0,0
"H285",1,1,0,0,0
"H286",1,0,0,0,1
"H287",1,0,0,1,0
"H288",1,1,0,1,0
"H289",1,1,0,1,1
"H290",1,0,0,1,0
"H291",1,0,0,1,0
"H292",1,0,1,0,1
"H293",1,1,0,1,0
"H294",1,1,0,0,1
"H295",1,1,0,0,1
"H296",1,1,0,0,1
"H297",1,0,0,1,0
"H298",1,1,0,0,0
"H299",1,1,0,0,1
"H300",1,1,0,0,1
"H301",1,0,0,0,1
"H302",1,0,0,0,1
"H303",1,0,0,0,0
"H304",1,1,0,0,1
"H305",1,0,0,0,1
"H306",1,0,0,1,0
"H307",1,0,0,1,1
"H308",1,0,0,0,1
"H309",1,1,0,0,1
"H310",1,1,0,0,1
"H311",1,1,0,1,0
"H312",1,0,0,1,0
"H313",1,0,0,1,1
"H314",1,0,0,0,0
"H315",1,0,0,0,0
"H316",1,1,1,0,1
"H317",1,0,0,1,0
"H318",1,0,0,1,1
"H319",1,0,0,1,1
"H320",1,0,0,0,0
"H321",1,0,0,0,0
"H322",1,0,0,0,0
"H323",1,0,0,1,1
"H324",1,0,0,1,1
"H325",1,0,0,1,1
"H326",1,1,1,0,1
"H327",1,1,1,0,1
"H328",1,0,0,1,1
"H329",1,1,0,0,1
"H330",1,1,0,0,1
"H331",1,0,0,1,1
"H332",1,0,0,1,1
"H333",1,0,0,0,1
"H334",1,0,0,0,0
"H335",1,1,0,0,1
"H336",1,0,1,0,0
"H337",1,0,0,0,1
"H338",1,1,0,1,1
"H339",1,0,0,0,0
"H340",1,0,0,0,0
"H341",1,0,0,1,1
"H342",1,1,0,1,1
"H343",1,1,0,1,1
"H344",1,1,0,0,1
"H345",1,1,0,1,1
"H346",1,0,0,0,0
"H347",1,1,0,0,1
"H348",1,1,0,0,0
"H349",1,1,0,0,1
"H350",1,1,0,1,0
"H351",1,1,0,1,1
"H352",1,1,0,1,1
"H353",1,1,0,1,1
"H354",1,0,0,0,0
"H355",1,0,0,0,0
"H356",1,0,0,0,0
"H357",1,0,0,0,0
"H358",1,0,0,0,0
"H359",1,0,0,0,0
"H360",1,0,0,0,0
"H361",1,0,0,0,1
"H362",1,0,0,0,1
"H363",1,0,0,1,0
"H364",1,0,0,0,0
"H365",1,0,1,0,1
"H366",1,0,0,0,1
"H367",1,1,1,0,1
"H368",1,1,0,0,1
"H369",1,0,0,0,1
"H370",1,0,0,0,0
"H371",1,0,0,1,1
"H372",1,0,0,1,1
"H373",1,1,1,1,1
"H374",1,0,0,1,1
"H375",1,0,0,1,1
"H376",1,0,0,1,1
"H377",1,0,0,1,1
"H378",1,0,0,1,0
"H379",1,0,0,1,1
"H380",1,1,1,0,1
"H381",1,0,0,1,0
"H382",1,1,0,0,1
"H383",1,1,0,0,1
"H384",1,1,0,0,1
"H385",1,1,0,0,1
"H386",1,1,0,1,1
"H387",1,1,0,0,1
"H388",1,1,0,0,1
"H389",1,0,0,0,0
"H390",1,1,0,1,1
"H391",1,0,0,0,0
"H392",1,0,0,0,0
"H393",1,0,0,1,0
"H394",1,0,1,0,0
"H395",1,0,0,0,0
"H396",1,0,0,0,0
"H397",1,0,0,0,1
"H398",1,0,0,1,0
"H399",1,0,0,0,0
"H400",1,1,0,1,1
"H401",1,0,0,1,0
"H402",1,0,0,0,1
"H403",1,1,0,1,1
"H404",1,1,0,0,1
"H405",1,1,0,1,0
"H406",1,1,0,0,1
"H407",1,1,0,1,1
"H408",1,1,0,0,1
"H409",1,1,1,0,0
"H410",1,1,0,0,1
"H411",1,1,0,0,1
"H412",1,0,0,0,0
"H413",1,0,0,0,0
"H414",1,0,0,0,1
"H415",1,0,0,0,1
"H416",1,0,0,0,1
"H417",1,0,0,0,0
"H418",1,0,0,0,0
"H419",1,0,0,0,1
"H420",1,0,0,1,0
"H421",1,0,0,1,1
"H422",1,0,1,1,1
"H423",1,1,0,0,0
"H424",1,1,0,0,0
"H425",1,0,0,0,1
"H426",1,0,0,0,0
"H427",1,1,0,0,0
"H428",1,0,1,1,0
"H429",1,1,0,0,0
"H430",1,1,0,0,0
"H431",1,0,0,1,1
"H432",1,0,0,1,0
"H433",1,0,0,0,1
"H434",1,0,0,0,0
"H435",1,0,0,0,1
"H436",1,0,0,0,1
"H437",1,0,0,0,0
"H438",1,0,0,0,0
"H439",1,1,0,0,0
"H440",1,1,0,0,0
"H441",1,1,0,0,0
"H442",1,1,0,0,0
"H443",1,0,0,0,1
"H444",1,0,0,0,0
"H445",1,0,0,0,0
"H446",1,0,0,0,0
"H447",1,0,0,0,0
"H448",1,1,0,0,0
"H449",1,1,0,0,1
"H450",1,1,0,0,1
"H451",1,1,0,0,1
"H452",1,1,0,0,1
"H453",1,1,1,0,1
"H454",1,1,0,1,1
"H455",1,1,0,0,1
"H456",1,1,0,0,1
"H457",1,1,0,1,1
"H458",0,1,0,0,1
"H459",0,1,0,0,0
"H460",0,1,0,0,1
"H461",0,0,0,0,1
"H462",0,0,0,0,0
"H463",0,1,0,0,1
"H464",0,0,0,0,0
"H465",0,0,0,0,1
"H466",0,1,0,0,0
"H467",0,0,0,0,0
"H468",0,0,0,0,1
"H469",0,0,0,0,1
"H470",0,0,0,0,0
"H471",0,0,0,0,1
"H472",0,0,0,0,0
"H473",0,1,0,0,1
"H474",0,0,0,0,1
"H475",0,1,0,0,0
"H476",0,0,0,1,0
"H477",0,0,0,1,1
"H478",0,0,0,1,0
"H479",0,0,0,1,0
"H480",0,0,0,0,0
"H481",0,0,0,1,0
"H482",0,0,0,0,0
"H483",0,0,0,1,1
"H484",0,0,0,1,1
"H485",0,0,0,1,0
"H486",0,1,0,0,1
"H487",0,0,0,0,0
"H488",0,0,0,0,0
"H489",0,0,0,1,1
"H490",0,0,0,1,0
"H491",0,0,0,0,0
"H492",0,0,0,1,1
"H493",0,0,0,0,0
"H494",0,0,0,0,1
"H495",0,0,0,0,0
"H496",0,0,0,0,1
"H497",0,0,0,0,1
"H498",0,0,0,0,1
"H499",0,0,0,0,0
"H500",0,0,0,0,0
"H501",0,0,0,0,0
"H502",0,0,0,0,1
"H503",0,0,0,0,1
"H504",0,0,0,0,1
"H505",0,0,0,0,0
"H506",0,0,0,1,1
"H507",0,1,0,0,1
"H508",0,1,0,0,0
"H509",0,1,0,0,0
"H510",0,1,0,0,1
"H511",0,1,0,0,0
"H512",0,1,0,0,0
"H513",0,1,0,0,0
"H514",0,1,0,0,1
"H515",0,1,0,0,0
"H516",0,1,0,0,1
"H517",0,1,0,0,0
"H518",0,1,0,0,0
"H519",0,1,0,0,1
"H520",0,1,0,0,0
"H521",0,1,0,0,0
"H522",0,1,0,0,1
"H523",0,1,0,0,1
"H524",0,1,0,0,0
"H525",0,1,0,0,1
"H526",0,1,0,0,0
"H527",0,1,0,0,1
"H528",0,1,0,0,1
"H529",0,1,0,0,0
"H530",0,1,0,0,0
"H531",0,1,0,0,0
"H532",0,1,0,0,0
"H533",0,1,0,0,1
"H534",0,1,0,0,0
"H535",0,0,0,0,1
"H536",0,1,0,0,0
"H537",0,1,0,0,0
"H538",0,1,0,0,0
"H539",0,1,0,0,0
"H540",0,1,0,0,0
"H541",0,1,0,0,1
"H542",0,1,0,0,0
"H543",0,1,0,0,1
"H544",0,1,0,0,1
"H545",0,1,0,0,1
"H546",0,1,0,0,0
"H547",0,1,0,0,1
"H548",0,1,0,1,1
"H549",0,1,0,0,1
"H550",0,1,0,0,0
"H551",0,1,0,0,0
"H552",0,1,1,0,1
"H553",0,0,0,0,0
"H554",0,0,0,0,0
"H555",0,1,0,0,0
"H556",0,1,0,0,1
"H557",0,1,0,0,0
"H558",0,1,0,0,1
"H559",0,1,0,0,0
"H560",0,1,0,0,1
"H561",0,1,0,0,0
"H562",0,1,0,0,0
"H563",0,1,1,0,1
"H564",0,1,0,0,0
"H565",0,1,0,0,0
"H566",0,1,0,0,1
"H567",0,1,0,0,0
"H568",0,1,1,0,1
"H569",0,0,0,0,0
"H570",0,1,0,0,0
"H571",0,1,0,0,0
"H572",0,1,0,0,0
"H573",0,1,0,0,1
"H574",0,1,0,0,1
"H575",0,1,0,0,1
"H576",0,1,0,0,1
"H577",0,0,0,0,0
"H578",0,0,0,0,0
"H579",0,0,0,0,1
"H580",0,0,1,0,1
"H581",0,0,0,0,0
"H582",0,0,0,0,0
"H583",0,0,0,0,0
"H584",0,1,0,0,1
"H585",0,0,0,0,0
"H586",0,0,0,0,0
"H587",0,1,0,0,1
"H588",0,0,0,0,1
"H589",0,0,0,0,1
"H590",0,1,0,0,1
"H591",0,0,0,0,1
"H592",0,0,0,0,1
"H593",0,1,0,0,1
"H594",0,1,0,0,1
"H595",0,0,0,0,1
"H596",0,0,0,0,1
"H597",0,0,0,0,1
"H598",0,0,0,0,0
"H599",0,1,0,0,1
"H600",0,1,0,0,1
"H601",0,1,0,0,1
"H602",0,1,0,0,1
"H603",0,1,0,0,1
"H604",0,1,0,1,0
"H605",0,0,0,0,1
"H606",0,0,0,0,0
"H607",0,0,0,1,0
"H608",0,0,0,0,0
"H609",0,0,0,1,0
"H610",0,0,0,1,0
"H611",0,0,0,1,1
"H612",0,1,0,0,1
"H613",0,0,0,0,1
"H614",0,0,0,1,0
"H615",0,0,0,1,1
"H616",0,0,0,1,1
"H617",0,1,0,0,0
"H618",0,1,0,0,1
"H619",0,1,0,1,0
"H620",0,1,0,1,1
"H621",0,0,0,1,0
"H622",0,0,0,1,0
"H623",0,1,0,0,1
"H624",0,0,0,0,1
"H625",0,1,0,0,1
"H626",0,1,0,0,1
"H627",0,1,0,0,1
"H628",0,0,0,1,1
"H629",0,1,0,0,0
"H630",0,1,0,0,1
"H631",0,1,0,0,1
"H632",0,1,0,0,1
"H633",0,1,0,0,1
"H634",0,1,0,1,1
"H635",0,1,0,1,0
"H636",0,1,0,0,1
"H637",0,1,0,1,1
"H638",0,1,0,1,1
"H639",0,1,0,1,1
"H640",0,1,0,0,0
"H641",0,1,0,0,1
"H642",0,1,0,0,1
"H643",0,1,0,1,1
"H644",0,1,0,1,1
"H645",0,1,0,0,0
"H646",0,1,0,0,1
"H647",0,1,0,0,1
"H648",0,1,0,0,1
"H649",0,1,0,1,1
"H650",0,1,0,0,1
"H651",0,1,0,0,0
"H652",0,1,0,0,1
"H653",0,1,0,0,1
"H654",0,1,0,1,1
"H655",0,1,0,1,1
"H656",0,0,0,0,1
"H657",0,1,0,0,1
"H658",0,1,0,0,0
"H659",0,1,0,0,0
"H660",0,1,0,0,1
"H661",0,1,0,0,1
"H662",0,0,0,0,1
"H663",0,1,0,0,1
"H664",0,1,0,0,1
"H665",0,1,0,0,1
"H666",0,1,0,0,1
"H667",0,1,0,0,1
"H668",0,1,0,0,1
"H669",0,1,0,0,1
"H670",0,1,0,0,1
"H671",0,1,0,0,0
"H672",0,1,0,0,0
"H673",0,1,0,0,0
"H674",0,1,0,0,0
"H675",0,1,0,0,1
"H676",0,1,0,1,1
"H677",0,1,0,0,0
"H678",0,1,0,0,0
"H679",0,1,0,0,0
"H680",0,1,0,0,1
"H681",0,1,0,0,1
"H682",0,1,0,0,1
"H683",0,1,0,0,1
"H684",0,1,0,0,1
"H685",0,1,0,0,1
"H686",0,1,0,0,1
"H687",0,1,0,0,0
"H688",0,1,0,0,1
"H689",0,1,0,0,1
"H690",0,1,0,0,1
"H691",0,1,0,0,1
"H692",0,1,0,0,1
"H693",0,1,0,0,1
"H694",0,1,0,0,1
"H695",0,0,0,0,1
"H696",0,0,0,0,1
"H697",0,1,0,0,1
"H698",0,1,0,0,1
"H699",0,1,0,0,1
"H700",0,1,0,0,1
"H701",0,1,0,0,0
"H702",0,1,0,0,0
"H703",0,1,0,0,1
"H704",0,1,0,0,1
"H705",0,1,0,0,1
"H706",0,1,0,0,1
"H707",0,1,0,0,0
"H708",0,1,0,0,1
"H709",0,1,0,0,1
"H710",0,1,0,0,1
"H711",0,1,0,0,1
"H712",0,1,0,0,1
"H713",0,1,0,0,1
"H714",0,1,0,0,1
"H715",0,1,0,0,1
"H716",0,1,0,0,0
"H717",0,1,0,0,0
"H718",0,0,0,0,0
"H719",0,1,0,0,0
"H720",0,1,0,0,1
"H721",0,1,0,0,0
"H722",0,1,0,0,1
"H723",0,1,0,0,1
"H724",0,1,0,1,0
"H725",0,1,0,0,0
"H726",0,1,0,0,1
"H727",0,0,0,0,0
"H728",0,1,0,0,0
"H729",0,1,0,0,0
"H730",0,1,0,0,0
"H731",0,1,0,0,1
"H732",0,1,0,0,0
"H733",0,1,0,0,1
"H734",0,1,0,0,1
"H735",0,1,0,1,1
"H736",0,1,0,1,1
"H737",0,1,0,0,1
"H738",0,1,0,0,1
"H739",0,1,0,0,1
"H740",0,0,0,1,1
"H741",0,1,0,0,1
"H742",0,1,0,1,1
"H743",0,1,0,0,1
"H744",0,1,0,0,1
"H745",0,1,0,0,1
"H746",0,1,0,0,1
"H747",0,1,0,0,1
"H748",0,1,0,0,1
"H749",0,1,0,1,1
"H750",0,1,0,0,1
"H751",0,1,0,0,1
"H752",0,1,0,0,0
"H753",0,1,0,0,1
"H754",0,1,0,0,1
"H755",0,1,0,0,1
"H756",0,1,0,0,1
"H757",0,0,0,1,0
"H758",0,0,0,1,0
"H759",0,1,0,0,0
"H760",0,0,0,0,0
"H761",0,1,0,0,0
"H762",0,1,0,0,1
"H763",0,0,0,0,0
"H764",0,1,0,0,1
"H765",0,1,0,0,0
"H766",0,1,0,0,1
"H767",0,1,0,0,0
"H768",0,0,0,1,1
"H769",0,1,0,1,0
"H770",0,1,0,0,1
"H771",0,1,0,0,0
"H772",0,1,0,0,0
"H773",0,1,0,0,0
"H774",0,0,0,0,0
"H775",0,1,0,0,0
"H776",0,0,0,0,0
"H777",0,0,0,0,0
"H778",0,1,0,0,0
"H779",0,1,0,0,0
"H780",0,1,0,0,0
"H781",0,1,0,0,1
"H782",0,0,0,1,0
"H783",0,1,0,1,0
"H784",0,0,0,0,0
"H785",0,1,0,1,0
"H786",0,1,0,0,1
"H787",0,1,0,0,1
"H788",0,1,0,0,0
"H789",0,0,0,1,0
"H790",0,0,0,0,0
"H791",0,1,0,0,0
"H792",0,1,0,0,1
"H793",0,0,0,1,1
"H794",0,0,0,0,1
"H795",0,0,0,0,0
"H796",0,0,0,0,1
"H797",0,0,0,0,0
"H798",0,0,0,0,0
"H799",0,0,0,0,0
"H800",0,0,0,0,0
"H801",0,1,0,0,1
"H802",0,0,0,0,1
"H803",0,0,0,0,0
"H804",0,0,0,1,0
"H805",0,0,0,0,0
"H806",0,1,0,0,1
"H807",0,1,0,0,0
"H808",0,1,0,0,0
"H809",0,0,0,0,0
"H810",0,1,0,0,0
"H811",0,0,0,0,1
"H812",0,1,0,0,1
"H813",0,0,0,0,0
"H814",0,0,0,0,0
"H815",0,1,0,0,1
"H816",0,1,0,0,0
"H817",0,0,0,0,1
"H818",0,0,0,1,0
"H819",0,0,0,0,0
"H820",0,0,0,0,0
"H821",0,1,0,0,1
"H822",0,0,0,0,0
"H823",0,1,0,0,1
"H824",0,1,0,0,1
"H825",0,1,0,0,0
"H826",0,1,0,0,1
"H827",0,1,0,0,1
"H828",0,1,0,0,0
"H829",0,1,0,0,1
"H830",0,1,0,0,1
"H831",0,0,0,0,0
"H832",0,1,0,0,0
"H833",0,0,0,0,0
"H834",0,1,0,0,1
"H835",0,1,0,0,0
"H836",0,0,0,1,0
"H837",0,1,0,0,1
"H838",0,1,0,1,1
"H839",0,1,0,0,0
"H840",0,1,0,0,0
"H841",0,1,0,0,0
"H842",0,1,0,0,0
"H843",0,1,0,0,1
"H844",0,1,0,0,0
"H845",0,1,0,0,0
"H846",0,1,0,0,1
"H847",0,1,0,0,0
"H848",0,1,0,0,1
"H849",0,1,0,0,1
"H850",0,1,0,0,1
"H851",0,1,0,0,1
"H852",0,1,0,0,1
"H853",0,1,0,0,1
"H854",0,1,0,0,1
"H855",0,1,0,0,1
"H856",0,1,0,0,1
"H857",0,1,0,0,1
"H858",0,1,0,0,1
"H859",0,1,0,0,1
"H860",0,1,0,0,1
"H861",0,1,0,0,1
"H862",0,1,0,0,1
"H863",0,1,0,0,1
"H864",0,1,0,0,1
"H865",0,1,0,1,1
"H866",0,1,0,0,1
"H867",0,1,0,0,1
"H868",0,1,0,0,1
"H869",0,1,0,1,1
"H870",0,1,0,1,1
"H871",0,0,0,1,0
"H872",0,1,0,0,1
"H873",0,1,0,0,1
"H874",0,1,0,0,1
"H875",0,1,0,0,1
"H876",0,1,0,0,1
"H877",0,1,0,0,1
"H878",0,1,0,0,1
"H879",0,1,0,0,1
"H880",0,1,0,0,1
"H881",0,1,0,0,1
"H882",0,1,0,1,1
"H883",0,1,0,0,1
"H884",0,1,0,0,1
"H885",0,1,0,0,1
"H886",0,1,0,0,1
"H887",0,1,0,0,1
"H888",0,1,0,1,1
"H889",0,1,0,0,1
"H890",0,0,0,0,0
"H891",0,1,0,0,0
"H892",0,1,0,0,1
"H893",0,1,0,0,0
"H894",0,1,0,0,0
"H895",0,1,0,0,0
"H896",0,1,0,0,1
"H897",0,1,0,0,1
"H898",0,1,0,0,1
"H899",0,1,0,0,1
"H900",0,1,0,0,1
"H901",0,1,0,0,0
"H902",0,1,0,0,1
"H903",0,1,0,0,1
"H904",0,1,0,1,1
"H905",0,1,0,0,1
"H906",0,1,0,0,1
"H907",0,1,0,0,1
"H908",0,1,0,0,1
"H909",0,1,0,0,1
"H910",0,1,0,0,0
"H911",0,0,0,1,1
"H912",0,0,0,1,1
"H913",0,0,0,1,1
"H914",0,1,0,0,0
"H915",0,1,0,0,0
"H916",0,0,0,1,0
"H917",0,0,0,1,0
"H918",0,0,0,1,1
"H919",0,0,0,0,0
"H920",0,1,0,1,0
"H921",0,1,0,1,0
"H922",0,1,0,1,0
"H923",0,0,0,0,1
"H924",0,1,1,1,1
"H925",0,0,0,0,1
"H926",0,1,0,0,0
"H927",0,0,0,0,0
"H928",0,0,0,0,0
"H929",0,0,0,0,1
"H930",0,0,0,0,1
"H931",0,0,0,0,0
"H932",0,1,0,0,1
"H933",0,1,0,0,1
"H934",0,0,0,1,1
"H935",0,1,0,0,0
"H936",0,1,0,0,1
"H937",0,1,0,0,1
"H938",0,1,0,1,1
"H939",0,1,0,0,1
"H940",0,1,0,0,1
"H941",0,1,0,0,1
"H942",0,1,0,0,0
"H943",0,1,0,0,0
"H944",0,1,0,0,0
"H945",0,0,0,1,0
"H946",0,0,0,1,0
"H947",0,0,0,1,0
"H948",0,0,0,0,1
"H949",0,0,0,1,0
"H950",0,0,0,0,0
"H951",0,1,0,1,0
"H952",0,0,0,0,1
"H953",0,1,0,1,0
"H954",0,0,0,1,1
"H955",0,0,0,0,1
"H956",0,0,0,0,1
"H957",0,0,0,1,1
"H958",0,0,0,0,1
"H959",0,0,0,0,1
"H960",0,0,0,0,1
"H961",0,0,0,1,0
"H962",0,0,0,0,1
"H963",0,0,0,0,1
"H964",0,1,0,0,1
"H965",0,1,0,0,0
"H966",0,1,0,1,1
"H967",0,0,0,1,0
"H968",0,0,0,1,0
"H969",0,1,0,0,0
"H970",0,0,0,0,0
"H971",0,0,0,1,1
"H972",0,0,0,1,0
"H973",0,0,0,0,1
"H974",0,0,0,1,0
"H975",0,0,0,1,1
"H976",0,0,0,1,0
"H977",0,1,0,0,1
"H978",0,1,0,1,1
"H979",0,1,0,0,1
"H980",0,1,0,1,1
"H981",0,1,0,0,1
"H982",0,0,0,0,0
"H983",0,1,0,1,1
"H984",0,0,0,0,1
"H985",0,1,0,1,0
"H986",0,1,0,0,0
"H987",0,1,0,0,1
"H988",0,1,0,0,1
"H989",0,0,0,0,0
"H990",0,0,0,0,1
"H991",0,0,0,0,1
"H992",0,0,0,1,0
"H993",0,0,0,1,0
"H994",0,0,0,0,1
"H995",0,0,0,1,1
"H996",0,0,0,0,1
"H997",0,0,0,0,0
"H998",0,0,0,0,0
"H999",0,0,0,1,0
"H1000",0,0,0,0,1
"H1001",0,0,0,1,0
"H1002",0,0,0,0,1
"H1003",0,0,0,0,1
"H1004",0,0,0,0,0
"H1005",0,0,0,0,1
"H1006",0,1,0,1,0
"H1007",0,0,0,1,0
"H1008",0,0,0,1,0
"H1009",0,1,0,1,1
"H1010",0,1,0,0,1
"H1011",0,0,0,1,1
"H1012",0,0,0,0,1
"H1013",0,1,0,1,1
"H1014",0,1,0,0,1
"H1015",0,0,0,0,0
"H1016",0,1,0,1,1
"H1017",0,1,0,0,1
"H1018",0,0,0,0,1
"H1019",0,0,0,0,1
"H1020",0,1,0,1,1
"H1021",0,1,0,1,1
"H1022",0,1,0,0,1
"H1023",0,0,0,0,1
"H1024",0,0,0,0,0
"H1025",0,0,0,0,0
"H1026",0,0,0,0,0
"H1027",0,1,0,0,1
"H1028",0,0,0,0,0
"H1029",0,0,0,0,1
"H1030",0,0,0,0,1
"H1031",0,0,0,0,0
"H1032",0,1,0,0,1
"H1033",0,1,0,0,0
"H1034",0,0,0,0,1
"H1035",0,0,0,0,1
"H1036",0,0,0,0,0
"H1037",0,0,0,0,0
"H1038",0,1,1,0,0
"H1039",0,0,0,0,1
"H1040",0,0,0,0,0
"H1041",0,0,0,1,0
"H1042",0,1,1,0,0
"H1043",0,1,1,1,1
"H1044",0,0,0,1,0
"H1045",0,0,0,0,0
"H1046",0,0,0,1,0
"H1047",0,1,0,1,0
"H1048",0,0,0,0,0
"H1049",0,0,0,0,0
"H1050",0,0,0,0,0
"H1051",0,0,0,0,1
"H1052",0,0,0,1,0
"H1053",0,0,1,0,0
"H1054",0,0,1,0,1
"H1055",0,0,0,0,0
"H1056",0,0,0,0,1
"H1057",0,1,0,1,1
"H1058",0,1,1,0,1
"H1059",0,1,1,0,1
"H1060",0,1,1,0,1
"H1061",0,0,0,0,1
"H1062",0,0,0,0,1
"H1063",0,1,0,1,1
"H1064",0,0,0,1,1
"H1065",0,0,0,0,0
"H1066",0,1,1,0,1
"H1067",0,0,0,0,0
"H1068",0,0,0,0,1
"H1069",0,0,0,1,1
"H1070",0,0,0,1,1
"H1071",0,0,0,0,1
"H1072",0,0,0,1,1
"H1073",0,1,1,0,1
"H1074",0,0,1,1,1
"H1075",0,0,0,0,0
"H1076",0,0,0,0,1
"H1077",0,0,0,0,1
"H1078",0,0,0,0,1
"H1079",0,1,0,0,1
"H1080",0,0,0,1,0
"H1081",0,0,0,0,0
"H1082",0,0,0,0,1
"H1083",0,0,0,1,1
"H1084",0,1,1,0,1
"H1085",0,0,0,0,1
"H1086",0,1,1,0,1
"H1087",0,0,0,0,1
"H1088",0,1,0,1,1
"H1089",0,0,0,1,0
"H1090",0,0,0,0,1
"H1091",0,0,0,0,0
"H1092",0,0,0,0,0
"H1093",0,0,1,1,1
"H1094",0,1,1,1,1
"H1095",0,1,1,0,1
"H1096",0,1,0,0,1
"H1097",0,0,0,1,1
"H1098",0,0,0,0,1
"H1099",0,0,0,0,1
"H1100",0,0,0,0,0
"H1101",0,0,0,1,0
"H1102",0,1,1,1,1
"H1103",0,0,0,1,1
"H1104",0,1,1,1,1
"H1105",0,0,0,0,0
"H1106",0,0,0,0,0
"H1107",0,0,0,0,0
"H1108",0,0,0,0,1
"H1109",0,1,0,0,1
"H1110",0,1,0,0,0
"H1111",0,0,0,0,1
"H1112",0,0,0,0,0
"H1113",0,0,0,0,0
"H1114",0,1,1,0,1
"H1115",0,0,0,0,0
"H1116",0,0,0,0,0
"H1117",0,1,1,1,1
"H1118",0,1,0,0,0
"H1119",0,0,0,0,1
"H1120",0,0,0,0,0
"H1121",0,0,0,0,0
"H1122",0,0,0,0,0
"H1123",0,0,0,0,0
"H1124",0,0,0,1,1
"H1125",0,1,0,0,1
"H1126",0,0,0,0,1
"H1127",0,0,0,0,1
"H1128",0,0,1,1,1
"H1129",0,1,0,1,1
"H1130",0,0,0,1,1
"H1131",0,0,0,0,0
"H1132",0,1,0,1,1
"H1133",0,1,0,0,1
"H1134",0,1,0,0,0
"H1135",0,0,0,1,1
"H1136",0,0,0,1,1
"H1137",0,0,0,1,0
"H1138",0,0,0,0,1
"H1139",0,1,1,0,1
"H1140",0,1,1,0,1
"H1141",0,0,0,0,1
"H1142",0,0,0,1,1
"H1143",0,1,1,0,0
"H1144",0,0,0,1,1
"H1145",0,1,0,0,0
"H1146",0,0,0,0,0
"H1147",0,1,0,0,1
"H1148",0,1,0,0,1
"H1149",0,1,0,0,0
"H1150",0,0,0,1,1
"H1151",0,0,0,1,0
"H1152",0,0,0,1,1
"H1153",0,1,0,0,1
"H1154",0,1,1,1,1
"H1155",0,1,0,1,0
"H1156",0,1,1,1,1
"H1157",0,1,1,0,1
"H1158",0,0,0,1,0
"H1159",0,0,0,1,0
"H1160",0,0,0,1,0
"H1161",0,0,0,1,1
"H1162",0,0,0,0,0
"H1163",0,0,0,0,0
"H1164",0,1,1,1,1
"H1165",0,0,0,1,0
"H1166",0,1,1,0,0
"H1167",0,0,0,0,1
"H1168",0,1,1,1,1
"H1169",0,0,0,1,1
"H1170",0,1,1,0,1
"H1171",0,1,1,1,1
"H1172",0,0,0,1,1
"H1173",0,0,0,1,1
"H1174",0,0,0,0,1
"H1175",0,0,0,1,1
"H1176",0,0,0,0,1
"H1177",0,1,0,0,1
"H1178",0,1,1,1,1
"H1179",0,0,0,0,1
"H1180",0,0,0,1,0
"H1181",0,0,0,1,0
"H1182",0,0,0,0,1
"H1183",0,1,0,0,0
"H1184",0,0,0,1,0
"H1185",0,1,0,0,1
"H1186",0,1,0,0,1
"H1187",0,0,0,1,1
"H1188",0,0,0,0,0
"H1189",0,1,1,0,1
"H1190",0,0,0,1,1
"H1191",0,0,0,0,0
"H1192",0,0,0,0,0
"H1193",0,1,0,1,1
"H1194",0,1,1,0,1
"H1195",0,0,0,1,1
"H1196",0,0,0,0,0
"H1197",0,0,0,1,1
"H1198",0,1,1,0,1
"H1199",0,0,0,1,0
"H1200",0,0,0,1,1
"H1201",0,0,0,0,0
"H1202",0,0,0,1,1
"H1203",0,1,0,0,1
"H1204",0,1,1,1,1
"H1205",0,1,0,0,1
"H1206",0,1,0,0,0
"H1207",0,1,0,1,0
"H1208",0,0,0,0,1
"H1209",0,1,0,0,0
"H1210",0,0,0,0,0
"H1211",0,1,0,0,0
"H1212",0,0,0,0,0
"H1213",0,1,0,0,1
"H1214",0,1,0,0,0
"H1215",0,0,0,0,1
"H1216",0,0,0,1,0
"H1217",0,1,0,1,0
"H1218",0,0,0,1,1
"H1219",0,1,0,0,0
"H1220",0,0,0,1,0
"H1221",0,0,0,0,0
"H1222",0,1,0,0,1
"H1223",0,0,0,0,0
"H1224",0,0,0,1,1
"H1225",0,1,0,0,0
"H1226",0,1,0,0,0
"H1227",0,0,0,0,0
"H1228",0,0,0,0,1
"H1229",0,0,0,0,1
"H1230",0,1,0,0,0
"H1231",0,1,0,0,0
"H1232",0,1,0,0,1
"H1233",0,1,0,0,1
"H1234",0,1,0,1,1
"H1235",0,1,0,1,1
"H1236",0,0,1,0,0
"H1237",0,0,1,0,0
"H1238",0,0,1,0,0
"H1239",0,1,0,0,0
"H1240",0,1,0,0,1
"H1241",0,0,0,0,0
"H1242",0,1,0,1,1
"H1243",0,1,0,0,1
"H1244",0,1,1,0,1
"H1245",0,0,0,0,0
"H1246",0,0,0,0,0
"H1247",0,0,0,0,0
"H1248",0,0,0,0,0
"H1249",0,1,0,1,1
"H1250",0,0,0,0,0
"H1251",0,1,0,0,1
"H1252",0,0,0,0,0
"H1253",0,0,0,0,1
"H1254",0,0,1,0,1
"H1255",0,0,1,0,0
"H1256",0,0,1,0,0
"H1257",0,0,0,0,0
"H1258",0,1,0,0,1
"H1259",0,0,0,0,1
"H1260",0,1,0,0,0
"H1261",0,0,0,0,0
"H1262",0,0,0,0,1
"H1263",0,0,0,0,0
"H1264",0,1,0,0,0
"H1265",0,0,0,0,0
"H1266",0,0,0,0,0
"H1267",0,1,0,0,1
"H1268",0,0,0,0,0
"H1269",0,0,0,0,0
"H1270",0,1,0,1,1
"H1271",0,0,0,0,0
"H1272",0,0,0,0,0
"H1273",0,0,0,1,1
"H1274",0,0,0,1,1
"H1275",0,1,0,0,1
"H1276",0,1,0,0,1
"H1277",0,1,0,1,1
"H1278",0,1,0,1,1
"H1279",0,1,0,1,1
"H1280",0,1,0,1,1
"H1281",0,0,0,0,0
"H1282",0,0,0,0,0
"H1283",0,0,0,0,0
"H1284",0,0,0,0,0
"H1285",0,0,0,0,0
"H1286",0,1,0,1,0
"H1287",0,1,0,0,1
"H1288",0,1,0,1,0
"H1289",0,0,0,0,0
"H1290",0,1,0,1,1
"H1291",0,1,0,0,0
"H1292",0,1,0,1,1
"H1293",0,1,0,1,1
"H1294",0,0,0,0,0
"H1295",0,1,0,1,1
"H1296",0,1,0,1,0
"H1297",0,0,0,1,0
"H1298",0,1,0,1,1
"H1299",0,0,0,0,0
"H1300",0,0,0,0,0
"H1301",0,0,0,0,0
"H1302",0,0,0,0,0
"H1303",0,1,0,0,1
"H1304",0,1,0,1,1
"H1305",0,1,0,0,1
"H1306",0,1,0,1,1
"H1307",0,1,0,0,0
"H1308",0,0,0,0,1
"H1309",0,0,0,1,0
"H1310",0,1,0,1,1
"H1311",0,1,0,1,1
"H1312",0,1,0,0,0
"H1313",0,0,0,0,0
"H1314",0,0,0,1,0
"H1315",0,1,0,0,1
"H1316",0,1,0,1,1
"H1317",0,1,0,0,1
"H1318",0,0,0,0,0
"H1319",0,0,0,0,0
"H1320",0,0,0,0,0
"H1321",0,1,0,1,1
"H1322",0,0,0,0,1
"H1323",0,0,0,1,1
"H1324",0,0,0,1,1
"H1325",0,1,0,1,1
"H1326",0,0,0,0,1
"H1327",0,1,0,0,1
"H1328",0,1,0,0,1
"H1329",0,1,0,0,1
"H1330",0,1,0,1,1
"H1331",0,1,0,1,1
"H1332",0,0,0,0,1
"H1333",0,0,1,1,0
"H1334",0,0,1,0,1
"H1335",0,1,0,0,1
"H1336",0,1,0,1,0
"H1337",0,0,0,0,0
"H1338",0,0,0,0,0
"H1339",0,0,0,0,0
"H1340",0,0,0,0,0
"H1341",0,0,0,0,0
"H1342",0,1,0,1,1
"H1343",0,0,0,0,0
"H1344",0,0,0,0,0
"H1345",0,0,0,0,0
"H1346",0,0,0,0,0
"H1347",0,1,0,0,0
"H1348",0,0,0,0,0
"H1349",0,1,0,1,1
"H1350",0,1,0,0,0
"H1351",0,1,0,1,0
"H1352",0,0,0,0,0
"H1353",0,0,0,0,0
"H1354",0,0,0,0,0
"H1355",0,0,0,0,0
"H1356",0,0,0,0,0
"H1357",0,0,0,0,0
"H1358",0,0,0,0,0
"H1359",0,0,0,0,0
"H1360",0,0,0,0,0
"H1361",0,0,0,0,0
"H1362",0,0,0,0,0
"H1363",0,0,0,0,0
"H1364",0,0,0,0,0
"H1365",0,0,0,0,0
"H1366",0,0,0,0,0
"H1367",0,0,0,0,0
"H1368",0,0,0,0,0
"H1369",0,0,0,0,0
"H1370",0,0,0,0,0
"H1371",0,0,0,0,0
"H1372",0,0,0,0,0
"H1373",0,0,0,0,0
"H1374",0,0,0,0,0
"H1375",0,0,0,0,0
"H1376",0,0,0,0,0
"H1377",0,0,0,0,0
"H1378",0,0,0,0,0
"H1379",0,0,0,0,0
"H1380",0,0,0,0,0
"H1381",0,0,0,0,0
"H1382",0,0,0,0,0
"H1383",0,0,0,0,0
"H1384",0,0,0,0,0
"H1385",0,0,0,0,0
"H1386",0,0,0,0,0
"H1387",0,0,0,0,0
"H1388",0,0,0,0,0
"H1389",0,0,0,0,0
"H1390",0,0,0,0,0
"H1391",0,0,0,0,0
"H1392",0,0,0,0,0
"H1393",0,0,0,0,0
"H1394",0,0,0,0,0
"H1395",0,0,0,0,0
"H1396",0,0,0,0,0
"H1397",0,0,0,0,0
"H1398",0,0,0,0,0
"H1399",0,0,0,0,0
"H1400",0,0,0,0,0
"H1401",0,0,0,0,0
"H1402",0,0,0,0,0
"H1403",0,0,0,0,0
"H1404",0,0,0,0,0
"H1405",0,0,0,0,0
"H1406",0,0,0,0,0
"H1407",0,0,0,0,0
"H1408",0,0,0,0,0
"H1409",0,0,0,0,0
"H1410",0,0,0,0,0
"H1411",0,0,0,0,0
"H1412",0,0,0,0,0
"H1413",0,0,0,0,0
"H1414",0,0,0,0,0
"H1415",0,0,0,0,0
"H1416",0,0,0,0,0
"H1417",0,0,0,0,0
"H1418",0,0,0,0,0
"H1419",0,0,0,0,0
"H1420",0,0,0,0,0
"H1421",0,0,0,0,0
"H1422",0,0,0,0,0
"H1423",0,0,0,0,0
"H1424",0,0,0,0,0
"H1425",0,0,0,0,0
"H1426",0,0,0,0,0
"H1427",0,0,0,0,0
"H1428",0,0,0,0,0
"H1429",0,0,0,0,0
"H1430",0,0,0,0,0
"H1431",0,0,0,0,0
"H1432",0,0,0,0,0
"H1433",0,0,0,0,0
"H1434",0,0,0,0,0
"H1435",0,0,0,0,0
"H1436",0,0,0,0,0
"H1437",0,0,0,0,0
"H1438",0,0,0,0,0
"H1439",0,0,0,0,0
"H1440",0,0,0,0,0
"H1441",0,0,0,0,0
"H1442",0,0,0,0,0
"H1443",0,0,0,0,0
"H1444",0,0,0,0,0
"H1445",0,0,0,0,0
"H1446",0,0,0,0,0
"H1447",0,0,0,0,0
"H1448",0,0,0,0,0
"H1449",0,0,0,0,0
"H1450",0,0,0,0,0
"H1451",0,1,0,0,0
"H1452",0,0,0,0,0
"H1453",0,0,0,0,0
"H1454",0,1,0,0,0
"H1455",0,1,0,0,0
"H1456",0,0,0,0,0
"H1457",0,0,0,0,0
"H1458",0,0,0,0,0
"H1459",0,0,0,0,0
"H1460",0,0,0,0,0
"H1461",0,0,0,0,0
"H1462",0,0,0,0,0
"H1463",0,0,0,0,0
"H1464",0,1,0,0,1
"H1465",0,0,0,0,0
"H1466",0,0,0,0,0
"H1467",0,0,0,0,0
"H1468",0,1,0,0,0
"H1469",0,0,0,0,0
"H1470",0,1,1,0,0
"H1471",0,1,0,0,0
"H1472",0,1,0,0,0
"H1473",0,1,1,0,0
"H1474",0,1,0,0,0
"H1475",0,1,0,0,0
"H1476",0,0,0,0,0
"H1477",0,1,1,0,0
"H1478",0,0,0,0,0
"H1479",0,0,0,0,0
"H1480",0,0,0,0,0
"H1481",0,0,0,1,0
"H1482",0,0,0,0,0
"H1483",0,0,0,0,0
"H1484",0,0,0,0,0
"H1485",0,0,0,0,0
"H1486",0,1,0,0,0
"H1487",0,0,0,0,0
"H1488",0,0,0,0,0
"H1489",0,0,0,0,0
"H1490",0,0,0,0,0
"H1491",0,0,0,0,0
"H1492",0,0,0,0,0
"H1493",0,0,0,0,0
"H1494",0,0,0,0,0
"H1495",0,0,0,0,0
"H1496",0,0,0,0,0
"H1497",0,1,0,0,0
"H1498",0,0,0,0,0
"H1499",0,0,0,0,0
"H1500",0,0,0,0,0
"H1501",0,0,0,0,0
"H1502",0,0,0,0,0
"H1503",0,0,0,0,0
"H1504",0,0,0,0,0
"H1505",0,0,0,0,0
"H1506",0,0,0,0,0
"H1507",0,0,0,0,0
"H1508",0,0,0,0,0
"H1509",0,0,0,0,0
"H1510",0,0,0,0,0
"H1511",0,0,0,0,0
"H1512",0,0,0,0,0
"H1513",0,0,0,0,0
"H1514",0,0,0,0,0
"H1515",0,0,0,0,0
"H1516",0,0,0,0,0
"H1517",0,0,0,0,0
"H1518",0,0,0,0,0
"H1519",0,0,0,0,0
"H1520",0,0,0,0,0
"H1521",0,0,0,0,0
"H1522",0,0,0,0,0
"H1523",0,0,0,0,1
"H1524",0,0,0,0,1
"H1525",0,0,0,0,1
"H1526",0,0,0,0,1
"H1527",0,0,0,1,0
"H1528",0,0,0,1,0
"H1529",0,0,0,1,0
"H1530",0,0,0,1,0
"H1531",0,0,0,0,1
"H1532",0,1,0,0,1
"H1533",0,0,0,1,0
"H1534",0,0,0,1,0
"H1535",0,0,0,0,1
"H1536",0,0,0,0,1
"H1537",0,0,0,1,1
"H1538",0,0,0,0,1
"H1539",0,0,0,1,1
"H1540",0,0,0,0,1
"H1541",0,0,0,0,1
"H1542",0,0,0,1,0
"H1543",0,0,0,0,0
"H1544",0,0,0,0,1
"H1545",0,0,0,0,0
"H1546",0,0,0,1,0
"H1547",0,0,0,1,1
"H1548",0,0,0,0,1
"H1549",0,0,0,0,1
"H1550",0,0,0,0,1
"H1551",0,1,0,0,1
"H1552",0,1,0,0,0
"H1553",0,1,0,0,0
"H1554",0,0,0,1,0
"H1555",0,0,0,1,0
"H1556",0,0,0,1,0
"H1557",0,0,0,1,1
"H1558",0,0,0,1,0
"H1559",0,0,0,1,1
"H1560",0,0,0,1,1
"H1561",0,0,0,0,1
"H1562",0,0,0,1,0
"H1563",0,0,0,0,0
"H1564",0,0,0,0,1
"H1565",0,0,0,0,1
"H1566",0,0,0,0,1
"H1567",0,0,0,1,0
"H1568",0,0,0,1,1
"H1569",0,0,0,0,0
"H1570",0,0,0,0,1
"H1571",0,0,0,1,0
"H1572",0,0,0,0,0
"H1573",0,0,0,1,0
"H1574",0,0,0,1,0
"H1575",0,0,0,1,1
"H1576",0,0,0,1,0
"H1577",0,1,0,0,1
"H1578",0,0,0,1,0
"H1579",0,0,0,1,0
"H1580",0,0,0,1,0
"H1581",0,0,0,1,0
"H1582",0,1,0,0,1
"H1583",0,0,0,0,0
"H1584",0,1,0,0,1
"H1585",0,0,0,0,1
"H1586",0,0,0,0,1
"H1587",0,0,0,1,0
"H1588",0,0,0,1,0
"H1589",0,0,0,0,1
"H1590",0,0,0,0,1
"H1591",0,0,0,1,0
"H1592",0,0,0,1,1
"H1593",0,0,0,1,1
"H1594",0,0,0,0,0
"H1595",0,0,0,1,1
"H1596",0,0,0,1,1
"H1597",0,0,0,1,1
"H1598",0,0,0,1,0
"H1599",0,0,0,0,1
"H1600",0,0,0,1,1
"H1601",0,0,0,1,0
"H1602",0,0,0,0,0
"H1603",0,0,0,1,0
"H1604",0,1,0,1,0
"H1605",0,0,0,0,0
"H1606",0,1,0,0,1
"H1607",0,0,0,0,0
"H1608",0,1,0,0,0
"H1609",0,1,0,0,0
"H1610",0,0,0,0,1
"H1611",0,0,0,1,0
"H1612",0,0,0,1,0
"H1613",0,0,0,1,0
"H1614",0,0,0,1,1
"H1615",0,0,0,0,0
"H1616",0,0,0,0,0
"H1617",0,0,0,1,0
"H1618",0,0,0,0,0
"H1619",0,0,0,1,0
"H1620",0,0,0,0,0
"H1621",0,1,0,1,0
"H1622",0,0,0,1,0
"H1623",0,0,0,1,0
"H1624",0,1,0,0,1
"H1625",0,0,0,1,0
"H1626",0,0,0,0,1
"H1627",0,1,0,0,0
"H1628",0,0,0,0,0
"H1629",0,0,0,0,0
"H1630",0,1,0,0,1
"H1631",0,0,0,0,1
"H1632",0,1,0,1,0
"H1633",0,0,0,0,1
"H1634",0,0,0,0,0
"H1635",0,0,0,0,1
"H1636",0,0,0,0,0
"H1637",0,1,0,0,1
"H1638",0,0,0,0,1
"H1639",0,0,0,0,0
"H1640",0,1,0,0,1
"H1641",0,1,0,0,0
"H1642",0,0,0,0,0
"H1643",0,1,1,0,1
"H1644",0,1,0,0,1
"H1645",0,0,0,0,1
"H1646",0,0,0,0,1
"H1647",0,0,0,0,1
"H1648",0,0,0,0,1
"H1649",0,1,0,0,1
"H1650",0,0,0,0,0
"H1651",0,0,0,0,1
"H1652",0,0,0,0,1
"H1653",0,0,0,0,1
"H1654",0,1,1,0,1
"H1655",0,1,1,0,0
"H1656",0,1,1,0,0
"H1657",0,0,0,0,1
"H1658",0,1,0,0,1
"H1659",0,1,0,0,0
"H1660",0,1,0,0,1
"H1661",0,0,0,0,0
"H1662",0,1,1,0,1
"H1663",0,0,0,0,1
"H1664",0,0,0,0,0
"H1665",0,0,0,0,1
"H1666",0,0,0,0,0
"H1667",0,0,0,0,1
"H1668",0,1,0,0,1
"H1669",0,1,0,0,0
"H1670",0,1,0,1,0
"H1671",0,1,0,0,0
"H1672",0,1,0,0,1
"H1673",0,0,0,0,1
"H1674",0,1,0,0,0
"H1675",0,0,0,0,1
"H1676",0,0,0,0,0
"H1677",0,0,0,0,0
"H1678",0,0,0,0,1
"H1679",0,0,0,0,0
"H1680",0,0,0,0,0
"H1681",0,0,0,0,1
"H1682",0,0,0,0,0
"H1683",0,1,0,0,0
"H1684",0,0,0,0,0
"H1685",0,0,0,0,0
"H1686",0,0,0,0,0
"H1687",0,1,0,0,1
"H1688",0,1,0,0,1
"H1689",0,0,0,0,0
"H1690",0,0,0,0,1
"H1691",0,1,0,0,1
"H1692",0,1,0,1,1
"H1693",0,1,0,0,1
"H1694",0,1,0,1,1
"H1695",0,1,0,0,0
"H1696",0,1,0,0,1
"H1697",0,1,0,0,0
"H1698",0,1,0,1,0
"H1699",0,1,0,0,0
"H1700",0,1,0,0,0
"H1701",0,1,0,0,0
"H1702",0,1,0,0,1
"H1703",0,1,0,0,1
"H1704",0,1,0,0,1
"H1705",0,1,0,0,1
"H1706",0,1,0,0,1
"H1707",0,1,0,0,1
"H1708",0,1,0,0,1
"H1709",0,1,0,0,1
"H1710",0,1,0,0,1
"H1711",0,1,0,0,1
"H1712",0,0,0,1,0
"H1713",0,0,0,0,0
"H1714",0,1,1,1,0
"H1715",0,1,1,0,1
"H1716",0,1,1,0,1
"H1717",0,0,0,0,0
"H1718",0,0,0,0,0
"H1719",0,1,0,0,1
"H1720",0,0,0,1,0
"H1721",0,0,0,1,0
"H1722",0,1,0,0,0
"H1723",0,0,0,1,0
"H1724",0,0,0,1,0
"H1725",0,0,0,0,1
"H1726",0,0,0,1,0
"H1727",0,1,1,0,0
"H1728",0,0,0,0,1
"H1729",0,0,0,1,0
"H1730",0,0,0,1,1
"H1731",0,0,0,1,0
"H1732",0,0,0,1,0
"H1733",0,0,0,1,0
"H1734",0,1,1,1,1
"H1735",0,0,0,0,1
"H1736",0,0,0,0,0
"H1737",0,0,0,0,0
"H1738",0,0,0,0,0
"H1739",0,0,0,1,0
"H1740",0,1,1,1,1
"H1741",0,1,0,1,0
"H1742",0,0,0,0,1
"H1743",0,0,0,1,1
"H1744",0,0,1,0,1
"H1745",0,0,0,0,1
"H1746",0,1,1,0,1
"H1747",0,1,1,0,1
"H1748",0,0,0,1,1
"H1749",0,1,1,0,1
"H1750",0,0,0,0,0
"H1751",0,0,0,0,1
"H1752",0,0,0,0,0
"H1753",0,0,0,0,0
"H1754",0,0,0,0,0
"H1755",0,0,0,0,0
"H1756",0,0,0,1,1
"H1757",0,0,0,0,0
"H1758",0,0,0,0,0
"H1759",0,1,1,0,1
"H1760",0,0,0,1,1
"H1761",0,0,0,0,1
"H1762",0,0,0,1,1
"H1763",0,0,0,1,0
"H1764",0,0,0,0,1
"H1765",0,0,0,0,0
"H1766",0,1,1,0,1
"H1767",0,0,0,1,0
"H1768",0,0,0,1,1
"H1769",0,0,0,1,1
"H1770",0,0,0,0,0
"H1771",0,1,1,0,0
"H1772",0,0,0,0,0
"H1773",0,0,0,1,1
"H1774",0,0,0,0,1
"H1775",0,0,0,1,1
"H1776",0,0,0,1,1
"H1777",0,0,0,0,0
"H1778",0,0,0,1,0
"H1779",0,0,0,0,0
"H1780",0,0,0,0,0
"H1781",0,0,0,0,0
"H1782",0,0,0,1,1
"H1783",0,0,0,1,1
"H1784",0,0,0,1,1
"H1785",0,0,0,1,1
"H1786",0,0,0,0,1
"H1787",0,0,0,1,0
"H1788",0,0,0,1,1
"H1789",0,0,0,1,0
"H1790",0,0,0,1,1
"H1791",0,0,0,0,1
"H1792",0,1,1,0,1
"H1793",0,0,0,1,0
"H1794",0,0,0,0,0
"H1795",0,0,0,0,0
"H1796",0,0,0,0,0
"H1797",0,0,0,0,1
"H1798",0,0,0,1,1
"H1799",0,0,0,1,1
"H1800",0,1,1,1,1
"H1801",0,0,0,0,0
"H1802",0,0,0,0,1
"H1803",0,0,0,1,0
"H1804",0,0,0,1,0
"H1805",0,0,0,1,1
"H1806",0,0,0,0,0
"H1807",0,0,0,0,1
"H1808",0,0,0,0,1
"H1809",0,0,0,0,1
"H1810",0,0,0,1,1
"H1811",0,1,0,1,1
"H1812",0,0,0,1,0
"H1813",0,0,0,0,1
"H1814",0,1,1,0,0
"H1815",0,0,0,0,1
"H1816",0,0,0,0,0
"H1817",0,0,0,1,1
"H1818",0,1,0,1,1
"H1819",0,1,1,0,1
"H1820",0,0,0,1,1
"H1821",0,1,1,1,1
"H1822",0,1,1,1,1
"H1823",0,0,0,0,0
"H1824",0,1,1,1,1
"H1825",0,0,0,0,1
"H1826",0,1,0,1,1
"H1827",0,0,0,0,1
"H1828",0,1,1,0,1
"H1829",0,1,1,1,1
"H1830",0,1,1,0,1
"H1831",0,1,1,0,1
"H1832",0,1,1,0,1
"H1833",0,1,1,1,1
"H1834",0,1,1,1,1
"H1835",0,1,1,0,1
"H1836",0,1,1,0,1
"H1837",0,1,1,0,1
"H1838",0,1,1,0,1
"H1839",0,1,1,0,1
"H1840",0,1,1,0,1
"H1841",0,1,1,1,0
"H1842",0,1,0,0,1
"H1843",0,0,0,1,0
"H1844",0,0,0,1,0
"H1845",0,0,0,1,0
"H1846",0,0,0,1,1
"H1847",0,0,0,1,0
"H1848",0,0,0,0,1
"H1849",0,0,0,1,0
"H1850",0,0,0,1,0
"H1851",0,0,0,0,1
"H1852",0,0,0,1,1
"H1853",0,1,0,0,1
"H1854",0,1,0,0,1
"H1855",0,0,0,0,1
"H1856",0,1,0,0,1
"H1857",0,0,0,0,0
"H1858",0,0,0,0,1
"H1859",0,0,0,0,1
"H1860",0,0,0,0,1
"H1861",0,1,0,0,1
"H1862",0,1,0,0,1
"H1863",0,1,0,0,1
"H1864",0,1,0,0,1
"H1865",0,1,0,0,1
"H1866",0,1,0,0,1
"H1867",0,1,0,0,1
"H1868",0,1,0,0,1
"H1869",0,1,0,0,1
"H1870",0,1,0,0,0
"H1871",0,1,0,0,0
"H1872",0,1,0,0,0
"H1873",0,1,0,0,1
"H1874",0,1,0,0,0
"H1875",0,1,0,0,0
"H1876",0,1,0,0,1
"H1877",0,1,1,0,1
"H1878",0,1,1,0,1
"H1879",0,1,0,0,0
"H1880",0,1,0,0,1
"H1881",0,1,0,0,1
"H1882",0,1,0,0,1
"H1883",0,1,0,0,1
"H1884",0,1,0,0,0
"H1885",0,1,0,0,1
"H1886",0,0,0,0,1
"H1887",0,1,0,1,1
"H1888",0,1,0,0,0
"H1889",0,0,0,0,1
"H1890",0,1,0,0,1
"H1891",0,1,0,0,1
"H1892",0,1,0,0,1
"H1893",0,1,0,0,0
"H1894",0,1,0,1,0
"H1895",0,1,0,0,1
"H1896",0,1,0,0,0
"H1897",0,1,0,0,1
"H1898",0,1,0,0,0
"H1899",0,1,0,0,0
"H1900",0,1,0,0,0
"H1901",0,1,0,0,1
"H1902",0,1,0,0,1
"H1903",0,1,0,0,1
"H1904",0,0,0,0,0
"H1905",0,1,0,0,1
"H1906",0,0,0,0,1
"H1907",0,0,0,0,1
"H1908",0,0,0,0,0
"H1909",0,1,0,0,1
"H1910",0,0,0,0,0
"H1911",0,0,0,0,0
"H1912",0,0,0,1,0
"H1913",0,0,0,0,0
"H1914",0,0,1,0,0
"H1915",0,0,0,0,0
"H1916",0,0,0,0,1
"H1917",0,1,0,0,1
"H1918",0,0,0,0,0
"H1919",0,0,0,0,0
"H1920",0,0,0,0,0
"H1921",0,1,0,0,1
"H1922",0,1,0,0,0
"H1923",0,1,0,0,1
"H1924",0,0,0,0,0
"H1925",0,1,0,0,0
"H1926",0,0,0,0,1
"H1927",0,0,0,0,1
"H1928",0,0,0,0,0
"H1929",0,0,0,0,1
"H1930",0,0,0,0,0
"H1931",0,1,0,0,1
"H1932",0,1,0,0,0
"H1933",0,1,0,0,0
"H1934",0,0,0,0,1
"H1935",0,0,0,0,1
"H1936",0,1,0,0,1
"H1937",0,1,0,0,0
"H1938",0,0,0,0,0
"H1939",0,1,0,0,0
"H1940",0,0,0,0,0
"H1941",0,1,0,0,0
"H1942",0,1,0,0,0
"H1943",0,1,0,0,0
"H1944",0,1,0,0,0
"H1945",0,1,0,0,1
"H1946",0,1,0,0,1
"H1947",0,1,0,0,0
"H1948",0,1,0,0,1
"H1949",0,1,0,0,0
"H1950",0,1,0,1,1
"H1951",0,1,0,0,1
"H1952",0,1,0,1,1
"H1953",0,1,0,0,1
"H1954",0,1,0,0,1
"H1955",0,1,0,0,1
"H1956",0,1,0,0,1
"H1957",0,1,0,0,1
"H1958",0,1,0,0,1
"H1959",0,1,0,0,1
"H1960",0,1,0,0,0
"H1961",0,1,0,0,0
"H1962",0,1,0,0,1
"H1963",0,1,0,0,1
"H1964",0,1,0,1,1
"H1965",0,1,0,0,1
"H1966",0,1,0,1,0
"H1967",0,1,0,1,1
"H1968",0,1,0,0,1
"H1969",0,1,0,0,1
"H1970",0,1,0,1,1
"H1971",0,1,0,1,1
"H1972",0,1,0,1,0
"H1973",0,1,0,1,0
"H1974",0,0,1,0,0
"H1975",0,0,1,0,0
"H1976",0,1,0,0,1
"H1977",0,1,0,0,1
"H1978",0,1,0,0,1
"H1979",0,1,0,0,1
"H1980",0,1,0,1,1
"H1981",0,1,0,1,1
"H1982",0,1,0,0,1
"H1983",0,1,0,0,1
"H1984",0,1,0,1,1
"H1985",0,1,0,1,1
"H1986",0,1,0,1,1
"H1987",0,1,0,0,1
"H1988",0,1,0,0,1
"H1989",0,1,0,1,0
"H1990",0,1,0,0,1
"H1991",0,1,0,0,1
"H1992",0,1,0,1,1
"H1993",0,1,0,1,1
"H1994",0,1,0,0,1
"H1995",0,1,0,0,0
"H1996",0,1,0,0,1
"H1997",0,1,0,0,0
"H1998",0,1,0,1,0
"H1999",0,1,0,0,0
"H2000",0,1,0,1,0
"H2001",0,1,0,1,1
"H2002",0,1,0,0,1
"H2003",0,1,0,0,1
"H2004",0,1,0,0,1
"H2005",0,1,0,1,1
"H2006",0,1,0,0,0
"H2007",0,1,0,0,1
"H2008",0,1,0,0,0
"H2009",0,1,0,0,0
"H2010",0,1,0,1,1
"H2011",0,1,0,1,1
"H2012",0,1,0,0,1
"H2013",0,1,0,0,0
"H2014",0,1,0,0,0
"H2015",0,1,0,0,0
"H2016",0,1,0,1,0
"H2017",0,1,0,0,0
"H2018",0,1,0,0,0
"H2019",0,1,0,0,1
"H2020",0,1,0,0,1
"H2021",0,1,0,0,0
"H2022",0,1,0,0,0
"H2023",0,1,0,0,0
"H2024",0,1,0,0,0
"H2025",0,1,0,0,1
"H2026",0,1,0,1,1
"H2027",0,1,0,0,1
"H2028",0,1,0,1,0
"H2029",0,1,0,1,1
"H2030",0,1,0,1,1
"H2031",0,1,0,1,1
"H2032",0,1,0,1,1
"H2033",0,1,1,1,0
"H2034",0,0,0,0,0
"H2035",0,0,0,0,0
"H2036",0,0,0,0,0
"H2037",0,1,0,0,0
"H2038",0,1,0,0,0
"H2039",0,1,0,0,0
"H2040",0,0,1,0,1
"H2041",0,0,1,0,1
"H2042",0,0,1,0,1
"H2043",0,0,1,0,1
"H2044",0,0,1,0,1
"H2045",0,0,1,0,1
"H2046",0,0,1,0,1
"H2047",0,1,0,0,1
"H2048",0,0,0,0,0
"H2049",0,0,0,0,0
"H2050",0,0,0,0,0
"H2051",0,0,0,0,0
"H2052",0,1,0,0,1
"H2053",0,1,0,0,1
"H2054",0,1,0,1,0
"H2055",0,1,0,0,1
"H2056",0,0,0,0,0
"H2057",0,0,0,0,0
"H2058",0,0,0,0,0
"H2059",0,0,0,1,0
"H2060",0,0,0,0,0
"H2061",0,0,0,1,0
"H2062",0,0,0,1,0
"H2063",0,0,0,0,0
"H2064",0,0,0,1,0
"H2065",0,0,0,1,0
"H2066",0,1,0,0,0
"H2067",0,0,0,1,0
"H2068",0,0,0,1,0
"H2069",0,0,0,1,0
"H2070",0,0,0,1,0
"H2071",0,0,0,1,0
"H2072",0,0,0,1,0
"H2073",0,1,0,0,0
"H2074",0,0,0,0,0
"H2075",0,0,0,0,0
"H2076",0,0,0,0,0
"H2077",0,0,0,0,0
"H2078",0,1,0,1,1
"H2079",0,0,0,0,0
"H2080",0,1,0,0,0
"H2081",0,1,0,0,1
"H2082",0,0,0,0,0
"H2083",0,1,0,0,0
"H2084",0,1,0,1,0
"H2085",0,1,0,0,0
"H2086",0,1,0,0,1
"H2087",0,1,0,0,0
"H2088",0,1,0,0,1
"H2089",0,0,0,0,1
"H2090",0,0,0,0,0
"H2091",0,0,0,0,0
"H2092",0,0,0,0,0
"H2093",0,0,0,0,0
"H2094",0,1,0,0,0
"H2095",0,0,0,0,0
"H2096",0,0,0,0,0
"H2097",0,0,0,0,1
"H2098",0,0,0,0,0
"H2099",0,0,0,1,1
"H2100",0,0,0,0,1
"H2101",0,0,0,1,1
"H2102",0,0,0,0,1
"H2103",0,0,0,0,1
"H2104",0,0,0,1,0
"H2105",0,0,0,1,1
"H2106",0,0,0,0,1
"H2107",0,0,0,0,1
"H2108",0,0,0,1,0
"H2109",0,0,0,0,1
"H2110",0,0,0,0,1
"H2111",0,0,0,1,0
"H2112",0,1,0,0,0
"H2113",0,0,0,1,1
"H2114",0,0,0,0,1
"H2115",0,0,0,0,1
"H2116",0,0,0,0,1
"H2117",0,1,0,0,1
"H2118",0,1,0,1,1
"H2119",0,0,0,0,1
"H2120",0,0,0,0,1
"H2121",0,0,0,1,1
"H2122",0,0,0,0,1
"H2123",0,1,0,0,1
"H2124",0,0,0,0,1
"H2125",0,1,0,1,0
"H2126",0,0,0,0,1
"H2127",0,0,0,1,1
"H2128",0,0,0,1,1
"H2129",0,0,0,1,1
"H2130",0,0,0,0,0
"H2131",0,0,0,0,1
"H2132",0,1,0,0,0
"H2133",0,1,0,1,1
"H2134",0,0,0,1,1
"H2135",0,0,0,1,1
"H2136",0,0,0,1,0
"H2137",0,0,0,1,0
"H2138",0,1,0,0,1
"H2139",0,0,0,0,1
"H2140",0,0,0,1,0
"H2141",0,1,0,0,1
"H2142",0,0,0,0,1
"H2143",0,1,0,0,0
"H2144",0,0,0,0,1
"H2145",0,1,0,1,0
"H2146",0,0,0,0,1
"H2147",0,0,0,1,0
"H2148",0,1,0,0,1
"H2149",0,0,0,0,1
"H2150",0,0,0,0,1
"H2151",0,1,0,0,1
"H2152",0,1,0,0,1
"H2153",0,1,0,0,1
"H2154",0,0,0,0,0
"H2155",0,1,0,0,1
"H2156",0,1,0,0,1
"H2157",0,1,0,1,0
"H2158",0,1,0,1,0
"H2159",0,1,0,0,1
"H2160",0,1,0,0,0
"H2161",0,0,0,1,0
"H2162",0,0,0,0,1
"H2163",0,1,0,1,0
"H2164",0,0,0,0,0
"H2165",0,0,0,0,0
"H2166",0,0,0,0,0
"H2167",0,0,0,1,0
"H2168",0,0,0,0,0
"H2169",0,0,0,0,0
"H2170",0,1,0,0,0
"H2171",0,0,0,0,0
"H2172",0,0,0,1,0
"H2173",0,0,0,1,0
"H2174",0,1,0,0,1
"H2175",0,0,0,1,0
"H2176",0,0,0,0,0
"H2177",0,0,0,1,0
"H2178",0,1,0,0,0
"H2179",0,0,0,1,0
"H2180",0,1,0,0,1
"H2181",0,1,0,1,0
"H2182",0,0,0,1,0
"H2183",0,0,0,0,0
"H2184",0,1,0,1,0
"H2185",0,0,0,1,0
"H2186",0,0,0,1,0
"H2187",0,0,0,1,0
"H2188",0,0,0,0,0
"H2189",0,0,0,0,0
"H2190",0,1,0,0,0
"H2191",0,1,0,0,0
"H2192",0,0,0,1,0
"H2193",0,0,0,0,0
"H2194",0,0,0,1,0
"H2195",0,0,0,1,0
"H2196",0,1,0,0,1
"H2197",0,1,0,0,1
"H2198",0,1,0,0,0
"H2199",0,1,0,0,0
"H2200",0,1,0,0,0
"H2201",0,1,0,0,0
"H2202",0,1,0,0,0
"H2203",0,1,0,0,1
"H2204",0,1,0,0,1
"H2205",0,1,0,1,0
"H2206",0,0,0,1,0
"H2207",0,1,0,0,0
"H2208",0,1,0,0,1
"H2209",0,1,0,1,0
"H2210",0,1,0,0,0
"H2211",0,0,0,1,0
"H2212",0,1,0,0,0
"H2213",0,1,0,0,1
"H2214",0,1,0,0,1
"H2215",0,1,0,0,1
"H2216",0,1,0,0,1
"H2217",0,1,0,0,1
"H2218",0,1,0,0,1
"H2219",0,1,0,0,1
"H2220",0,1,0,0,1
"H2221",0,1,0,0,1
"H2222",0,1,0,0,0
"H2223",0,1,0,0,0
"H2224",0,1,0,0,0
"H2225",0,1,0,0,0
"H2226",0,1,0,0,0
"H2227",0,0,0,1,0
"H2228",0,0,0,1,0
"H2229",0,1,0,1,0
"H2230",0,0,0,1,0
"H2231",0,0,0,1,0
"H2232",0,1,0,1,0
"H2233",0,0,0,0,0
"H2234",0,0,0,1,0
"H2235",0,0,0,1,0
"H2236",0,1,0,1,0
"H2237",0,1,0,1,1
"H2238",0,0,0,1,0
"H2239",0,1,0,0,0
"H2240",0,1,0,0,0
"H2241",0,1,0,0,0
"H2242",0,1,0,0,0
"H2243",0,1,0,1,0
"H2244",0,1,0,0,0
"H2245",0,1,1,0,1
"H2246",0,1,0,0,0
"H2247",0,1,0,0,0
"H2248",0,1,0,0,0
"H2249",0,1,0,0,0
"H2250",0,1,0,0,0
"H2251",0,1,0,1,0
"H2252",0,1,0,1,0
"H2253",0,1,0,1,1
"H2254",0,1,0,1,0
"H2255",0,1,0,1,0
"H2256",0,0,0,1,0
"H2257",0,1,0,1,0
"H2258",0,1,0,0,0
"H2259",0,1,0,0,0
"H2260",0,0,0,1,0
"H2261",0,1,0,0,0
"H2262",0,1,0,0,0
"H2263",0,1,0,0,0
"H2264",0,1,0,0,1
"H2265",0,1,0,0,0
"H2266",0,1,0,0,0
"H2267",0,1,0,0,0
"H2268",0,1,0,0,0
"H2269",0,1,0,0,0
"H2270",0,1,0,0,0
"H2271",0,1,0,0,0
"H2272",0,1,0,0,0
"H2273",0,1,0,0,0
"H2274",0,1,0,0,0
"H2275",0,0,0,1,0
"H2276",0,1,0,0,0
"H2277",0,1,0,0,1
"H2278",0,1,0,0,0
"H2279",0,1,0,0,0
"H2280",0,1,0,0,0
"H2281",0,1,0,0,0
"H2282",0,1,0,0,0
"H2283",0,0,1,0,0
"H2284",0,1,0,0,0
"H2285",0,0,0,1,0
"H2286",0,0,0,0,0
"H2287",0,1,0,0,0
"H2288",0,1,0,1,1
"H2289",0,1,0,0,0
"H2290",0,1,0,0,0
"H2291",0,1,0,1,0
"H2292",0,1,0,1,0
"H2293",0,1,0,0,0
"H2294",0,1,1,0,0
"H2295",0,1,1,0,0
"H2296",0,0,0,1,0
"H2297",0,0,0,1,0
"H2298",0,1,0,1,1
"H2299",0,1,0,0,1
"H2300",0,1,0,1,1
"H2301",0,1,0,1,0
"H2302",0,1,0,1,0
"H2303",0,1,0,1,0
"H2304",0,1,0,1,0
"H2305",0,1,0,1,0
"H2306",0,1,0,0,0
"H2307",0,1,0,1,0
"H2308",0,1,0,1,0
"H2309",0,0,0,1,0
"H2310",0,1,0,1,0
"H2311",0,1,0,1,1
"H2312",0,1,0,0,0
"H2313",0,1,0,1,1
"H2314",0,1,0,1,1
"H2315",0,1,0,1,0
"H2316",0,1,0,1,1
"H2317",0,1,0,1,1
"H2318",0,1,0,1,1
"H2319",0,1,0,1,1
"H2320",0,1,0,1,1
"H2321",0,1,0,0,0
"H2322",0,1,0,0,0
"H2323",0,1,0,0,0
"H2324",0,1,0,0,1
"H2325",0,1,0,0,1
"H2326",0,1,0,0,1
"H2327",0,1,0,0,1
"H2328",0,1,0,0,1
"H2329",0,1,0,0,1
"H2330",0,1,0,0,1
"H2331",0,1,0,0,1
"H2332",0,1,0,1,0
"H2333",0,1,0,1,0
"H2334",0,1,0,0,1
"H2335",0,1,0,1,0
"H2336",0,1,0,1,0
"H2337",0,1,0,1,0
"H2338",0,1,0,1,0
"H2339",0,1,0,0,0
"H2340",0,1,0,1,0
"H2341",0,0,0,1,0
"H2342",0,0,0,1,0
"H2343",0,0,0,1,0
"H2344",0,1,0,0,1
"H2345",0,1,0,0,0
"H2346",0,1,0,1,1
"H2347",0,0,0,1,0
"H2348",0,1,0,1,0
"H2349",0,1,0,1,0
"H2350",0,1,0,1,0
"H2351",0,0,0,1,0
"H2352",0,1,0,1,0
"H2353",0,0,0,1,0
"H2354",0,1,0,0,0
"H2355",0,1,0,1,0
"H2356",0,1,0,1,0
"H2357",0,1,0,0,1
"H2358",0,1,0,1,0
"H2359",0,0,0,1,0
"H2360",0,1,0,0,0
"H2361",0,0,0,0,0
"H2362",0,0,0,1,0
"H2363",0,0,0,1,0
"H2364",0,0,0,1,0
"H2365",0,1,0,0,1
"H2366",0,0,0,1,0
"H2367",0,0,0,1,0
"H2368",0,0,1,1,0
"H2369",0,0,0,1,0
"H2370",0,1,0,1,0
"H2371",0,1,0,1,0
"H2372",0,1,0,1,1
"H2373",0,1,0,1,0
"H2374",0,1,0,1,0
"H2375",0,1,0,1,1
"H2376",0,1,0,0,0
"H2377",0,1,0,1,0
"H2378",0,1,0,0,1
"H2379",0,1,0,0,0
"H2380",0,1,1,0,0
"H2381",0,1,0,1,0
"H2382",0,1,0,0,1
"H2383",0,1,0,0,1
"H2384",0,1,0,0,0
"H2385",0,1,0,1,1
"H2386",0,1,0,0,1
"H2387",0,1,0,0,0
"H2388",0,1,0,1,1
"H2389",0,1,0,1,1
"H2390",0,1,0,1,1
"H2391",0,1,0,1,1
"H2392",0,1,0,0,0
"H2393",0,1,0,0,1
"H2394",0,1,0,0,1
"H2395",0,1,0,1,1
"H2396",0,1,0,0,1
"H2397",0,1,0,0,0
"H2398",0,1,0,0,1
"H2399",0,1,0,0,1
"H2400",0,1,0,0,1
"H2401",0,1,0,0,1
"H2402",0,1,0,0,1
"H2403",0,1,0,0,1
"H2404",0,1,0,0,1
"H2405",0,1,0,0,0
"H2406",0,1,0,0,1
"H2407",0,1,0,0,1
"H2408",0,1,0,0,1
"H2409",0,1,0,0,1
"H2410",0,1,0,0,1
"H2411",0,1,0,1,1
"H2412",0,1,0,1,1
"H2413",0,1,0,1,0
"H2414",0,1,0,0,1
"H2415",0,1,0,0,1
"H2416",0,1,0,0,1
"H2417",0,1,0,0,1
"H2418",0,1,0,0,1
"H2419",0,1,0,0,1
"H2420",0,1,0,0,1
"H2421",0,1,0,0,0
"H2422",0,1,0,1,1
"H2423",0,1,0,0,1
"H2424",0,1,0,0,1
"H2425",0,1,0,0,1
"H2426",0,1,0,0,1
"H2427",0,1,0,0,1
"H2428",0,1,0,0,1
"H2429",0,1,0,0,1
"H2430",0,1,0,0,1
"H2431",0,1,0,1,1
"H2432",0,1,0,1,1
"H2433",0,1,0,0,1
"H2434",0,1,0,1,1
"H2435",0,1,0,1,1
"H2436",0,1,0,0,1
"H2437",0,1,0,0,0
"H2438",0,0,0,0,0
"H2439",0,1,0,0,0
"H2440",0,1,0,0,0
"H2441",0,1,0,0,1
"H2442",0,1,0,0,1
"H2443",0,1,0,0,0
"H2444",0,1,0,0,0
"H2445",0,1,0,0,0
"H2446",0,1,0,0,1
"H2447",0,1,0,0,1
"H2448",0,1,0,0,1
"H2449",0,1,0,1,1
"H2450",0,1,0,0,1
"H2451",0,1,0,0,0
"H2452",0,1,0,0,0
"H2453",0,1,0,0,1
"H2454",0,1,0,0,1
"H2455",0,1,0,0,0
"H2456",0,1,0,0,0
"H2457",0,1,0,0,0
"H2458",0,1,0,0,0
"H2459",0,1,0,0,0
"H2460",0,1,0,0,0
"H2461",0,1,0,0,0
"H2462",0,1,0,0,0
"H2463",0,1,0,0,0
"H2464",0,0,0,0,0
"H2465",0,1,0,0,1
"H2466",0,0,0,0,1
"H2467",0,0,0,0,1
"H2468",0,1,0,0,0
"H2469",0,0,0,0,0
"H2470",0,0,0,1,0
"H2471",0,0,0,0,0
"H2472",0,0,0,0,0
"H2473",0,0,0,0,0
"H2474",0,0,0,0,0
"H2475",0,0,0,1,0
"H2476",0,0,0,0,0
"H2477",0,0,0,0,0
"H2478",0,0,0,0,0
"H2479",0,0,0,0,1
"H2480",0,0,0,0,1
"H2481",0,0,0,0,0
"H2482",0,0,0,0,1
"H2483",0,0,0,0,1
"H2484",0,0,0,0,0
"H2485",0,0,0,0,1
"H2486",0,1,0,0,1
"H2487",0,0,0,1,0
"H2488",0,0,0,1,0
"H2489",0,0,0,0,0
"H2490",0,1,0,0,1
"H2491",0,0,0,0,1
"H2492",0,0,0,1,0
"H2493",0,0,0,0,1
"H2494",0,1,0,0,1
"H2495",0,0,0,0,1
"H2496",0,0,0,0,0
"H2497",0,0,0,0,1
"H2498",0,0,1,0,1
"H2499",0,0,0,0,1
"H2500",0,0,0,0,1
"H2501",0,0,0,0,1
"H2502",0,0,0,0,0
"H2503",0,0,0,0,1
"H2504",0,1,0,0,0
"H2505",0,0,0,0,0
"H2506",0,0,1,0,0
"H2507",0,0,0,1,0
"H2508",0,0,0,1,0
"H2509",0,0,0,0,0
"H2510",0,0,0,0,0
"H2511",0,0,0,0,0
"H2512",0,0,0,1,0
"H2513",0,0,0,0,0
"H2514",0,0,0,0,0
"H2515",0,0,0,0,0
"H2516",0,0,0,0,1
"H2517",0,0,0,0,1
"H2518",0,0,0,0,1
"H2519",0,0,0,0,0
"H2520",0,1,0,0,0
"H2521",0,0,0,0,0
"H2522",0,0,0,0,0
"H2523",0,0,0,0,0
"H2524",0,0,0,0,0
"H2525",0,0,0,0,0
"H2526",0,0,0,1,1
"H2527",0,0,0,0,1
"H2528",0,0,0,0,0
"H2529",0,0,0,0,0
"H2530",0,0,0,0,0
"H2531",0,0,0,0,1
"H2532",0,0,0,0,0
"H2533",0,0,0,0,1
"H2534",0,0,0,1,0
"H2535",0,0,0,1,1
"H2536",0,0,0,0,0
"H2537",0,1,0,0,0
"H2538",0,1,0,0,1
"H2539",0,0,0,0,0
"H2540",0,0,0,1,0
"H2541",0,0,0,1,0
"H2542",0,0,0,0,1
"H2543",0,1,0,0,1
"H2544",0,0,0,0,0
"H2545",0,0,0,0,1
"H2546",0,0,0,1,1
"H2547",0,0,0,0,0
"H2548",0,0,0,0,0
"H2549",0,0,0,0,1
"H2550",0,0,0,1,1
"H2551",0,0,0,0,1
"H2552",0,0,0,0,1
"H2553",0,0,0,1,0
"H2554",0,1,0,0,1
"H2555",0,0,0,1,1
"H2556",0,0,0,0,1
"H2557",0,0,0,1,1
"H2558",0,0,0,1,1
"H2559",0,0,0,0,0
"H2560",0,0,0,0,0
"H2561",0,0,0,0,0
"H2562",0,0,0,1,1
"H2563",0,1,0,0,0
"H2564",0,1,0,0,1
"H2565",0,1,0,1,0
"H2566",0,0,0,0,1
"H2567",0,1,0,0,1
"H2568",0,1,0,0,0
"H2569",0,0,0,0,0
"H2570",0,0,0,1,1
"H2571",0,0,0,0,0
"H2572",0,0,0,0,0
"H2573",0,0,0,0,0
"H2574",0,1,0,0,0
"H2575",0,0,1,0,1
"H2576",0,1,0,0,1
"H2577",0,1,0,0,1
"H2578",0,0,0,0,0
"H2579",0,0,0,0,1
"H2580",0,1,1,0,0
"H2581",0,0,0,0,1
"H2582",0,0,0,0,1
"H2583",0,0,0,1,1
"H2584",0,0,0,0,0
"H2585",0,0,0,0,0
"H2586",0,0,0,0,0
"H2587",0,0,0,0,1
"H2588",0,1,0,0,1
"H2589",0,0,0,1,0
"H2590",0,0,0,0,1
"H2591",0,0,0,0,1
"H2592",0,0,0,1,1
"H2593",0,0,0,0,0
"H2594",0,0,0,1,1
"H2595",0,0,0,1,1
"H2596",0,0,0,1,1
"H2597",0,1,0,0,0
"H2598",0,1,0,0,1
"H2599",0,1,0,0,1
"H2600",0,0,0,1,1
"H2601",0,0,0,0,1
"H2602",0,0,0,0,1
"H2603",0,1,0,0,0
"H2604",0,0,0,1,1
"H2605",0,0,0,1,1
"H2606",0,0,1,1,0
"H2607",0,0,1,1,0
"H2608",0,0,0,0,1
"H2609",0,0,0,0,0
"H2610",0,0,0,0,0
"H2611",0,1,0,0,0
"H2612",0,1,0,0,0
"H2613",0,1,0,1,1
"H2614",0,1,0,0,0
"H2615",0,0,0,0,0
"H2616",0,1,0,0,0
"H2617",0,1,0,0,0
"H2618",0,1,0,0,0
"H2619",0,0,0,1,0
"H2620",0,0,0,1,1
"H2621",0,0,0,1,1
"H2622",0,0,0,1,0
"H2623",0,0,0,0,0
"H2624",0,0,0,1,0
"H2625",0,0,0,1,1
"H2626",0,0,0,1,0
"H2627",0,0,0,0,0
"H2628",0,0,0,0,0
"H2629",0,0,0,0,0
"H2630",0,0,0,0,0
"H2631",0,0,0,0,1
"H2632",0,0,0,0,0
"H2633",0,0,0,0,1
"H2634",0,1,0,0,0
"H2635",0,1,0,0,0
"H2636",0,1,0,0,0
"H2637",0,0,0,1,1
"H2638",0,0,0,1,1
"H2639",0,0,0,0,0
"H2640",0,1,0,0,0
"H2641",0,1,0,0,1
"H2642",0,1,0,0,1
"H2643",0,1,0,0,1
"H2644",0,1,0,0,1
"H2645",0,1,0,0,1
"H2646",0,1,0,0,1
"H2647",0,1,0,0,0
"H2648",0,1,0,0,0
"H2649",0,0,0,0,0
"H2650",0,0,0,0,0
"H2651",0,0,0,0,0
"H2652",0,0,0,0,0
"H2653",0,0,0,0,0
"H2654",0,0,0,0,0
"H2655",0,0,0,0,0
"H2656",0,0,0,0,0
"H2657",0,0,0,0,0
"H2658",0,0,0,0,0
"H2659",0,0,0,0,0
"H2660",0,0,0,0,0
"H2661",0,0,0,0,0
"H2662",0,0,0,0,0
"H2663",0,0,0,0,0
"H2664",0,0,0,0,0
"H2665",0,0,0,0,0
"H2666",0,0,0,0,0
"H2667",0,0,0,0,0
"H2668",0,0,0,0,0
"H2669",0,0,0,0,0
"H2670",0,0,0,0,0
"H2671",0,0,0,0,0
"H2672",0,0,0,0,0
"H2673",0,0,0,0,0
"H2674",0,0,0,0,0
"H2675",0,0,0,0,0
"H2676",0,0,0,0,0
"H2677",0,0,0,0,0
"H2678",0,0,0,0,0
"H2679",0,0,0,0,0
"H2680",0,0,0,0,0
"H2681",0,0,0,0,0
"H2682",0,0,0,0,0
"H2683",0,0,0,0,0
"H2684",0,0,0,0,0
"H2685",0,0,0,0,0
"H2686",0,0,0,0,0
"H2687",0,0,0,0,0
"H2688",0,0,0,0,0
"H2689",0,0,0,0,0
"H2690",0,0,0,0,0
"H2691",0,0,0,0,0
"H2692",0,0,0,0,0
"H2693",0,0,0,0,0
"H2694",0,0,0,0,0
"H2695",0,0,0,0,0
"H2696",0,0,0,0,0
"H2697",0,0,0,0,0
"H2698",0,0,0,0,0
"H2699",0,0,0,0,0
"H2700",0,0,0,0,0
"H2701",0,0,0,0,0
"H2702",0,0,0,0,0
"H2703",0,0,0,0,0
"H2704",0,0,0,0,0
"H2705",0,1,0,0,0
"H2706",0,1,0,1,0
"H2707",0,1,0,1,1
"H2708",0,1,0,1,0
"H2709",0,1,0,1,0
"H2710",0,0,0,0,0
"H2711",0,1,0,0,0
"H2712",0,1,0,0,0
"H2713",0,1,0,0,0
"H2714",0,1,0,0,0
"H2715",0,1,0,1,0
"H2716",0,1,0,1,0
"H2717",0,1,0,0,0
"H2718",0,1,0,0,0
"H2719",0,1,0,1,0
"H2720",0,1,0,1,0
"H2721",0,1,0,0,0
"H2722",0,1,0,0,0
"H2723",0,1,0,0,0
"H2724",0,0,0,0,0
"H2725",0,0,0,0,0
"H2726",0,0,0,1,0
"H2727",0,1,0,0,0
"H2728",0,0,0,1,0
"H2729",0,1,0,1,0
"H2730",0,0,0,1,0
"H2731",0,0,0,0,0
"H2732",0,0,1,1,0
"H2733",0,0,0,1,0
"H2734",0,1,0,1,0
"H2735",0,1,0,0,0
"H2736",0,1,0,0,0
"H2737",0,0,0,1,0
"H2738",0,1,0,0,0
"H2739",0,0,0,1,0
"H2740",0,1,0,1,0
"H2741",0,1,0,1,0
"H2742",0,1,0,1,0
"H2743",0,1,0,1,1
"H2744",0,1,0,1,0
"H2745",0,1,0,1,0
"H2746",0,1,0,1,0
"H2747",0,1,0,0,0
"H2748",0,1,0,1,0
"H2749",0,1,0,1,0
"H2750",0,1,0,1,0
"H2751",0,0,0,1,0
"H2752",0,1,0,1,0
"H2753",0,1,0,1,0
"H2754",0,1,0,0,0
"H2755",0,1,0,0,0
"H2756",0,1,0,0,0
"H2757",0,1,0,0,0
"H2758",0,0,0,0,0
"H2759",0,1,0,0,0
"H2760",0,1,0,0,0
"H2761",0,1,0,0,1
"H2762",0,1,0,0,0
"H2763",0,1,0,0,0
"H2764",0,1,0,0,0
"H2765",0,1,0,0,0
"H2766",0,1,0,0,1
"H2767",0,1,0,1,0
"H2768",0,1,0,0,0
"H2769",0,1,0,0,1
"H2770",0,1,0,0,1
"H2771",0,1,0,0,1
"H2772",0,1,0,0,0
"H2773",0,1,0,0,1
"H2774",0,1,0,0,0
"H2775",0,1,0,0,0
"H2776",0,1,0,0,0
"H2777",0,1,0,0,1
"H2778",0,1,0,1,1
"H2779",0,1,0,0,1
"H2780",0,1,0,0,1
"H2781",0,1,0,0,1
"H2782",0,1,0,0,1
"H2783",0,1,0,0,1
"H2784",0,1,0,0,0
"H2785",0,1,0,0,0
"H2786",0,1,0,0,1
"H2787",0,1,0,0,0
"H2788",0,1,0,0,1
"H2789",0,1,0,0,1
"H2790",0,1,0,0,1
"H2791",0,1,0,0,1
"H2792",0,1,0,0,0
"H2793",0,1,0,0,1
"H2794",0,1,0,0,1
"H2795",0,1,0,0,1
"H2796",0,1,0,0,1
"H2797",0,1,0,0,1
"H2798",0,1,0,0,1
"H2799",0,1,0,0,0
"H2800",0,1,0,0,1
"H2801",0,1,0,0,1
"H2802",0,1,0,0,1
"H2803",0,1,0,0,1
"H2804",0,1,0,0,0
"H2805",0,1,0,0,0
"H2806",0,1,0,0,1
"H2807",0,1,0,0,0
"H2808",0,1,0,0,0
"H2809",0,1,0,0,1
"H2810",0,1,0,0,1
"H2811",0,1,0,0,0
"H2812",0,1,0,0,0
"H2813",0,1,0,0,1
"H2814",0,1,0,0,1
"H2815",0,1,0,0,1
"H2816",0,1,0,0,1
"H2817",0,1,0,0,0
"H2818",0,1,0,0,1
"H2819",0,1,0,0,1
"H2820",0,1,0,0,1
"H2821",0,1,0,0,0
"H2822",0,1,0,0,1
"H2823",0,1,0,0,1
"H2824",0,1,0,0,1
"H2825",0,1,0,0,1
"H2826",0,1,0,0,0
"H2827",0,1,0,0,1
"H2828",0,1,0,0,1
"H2829",0,1,0,0,1
"H2830",0,1,0,0,0
"H2831",0,1,0,0,1
"H2832",0,1,0,1,0
"H2833",0,1,0,0,0
"H2834",0,1,0,0,1
"H2835",0,1,0,0,0
"H2836",0,1,0,0,1
"H2837",0,1,0,0,0
"H2838",0,1,0,0,1
"H2839",0,1,0,0,1
"H2840",0,1,0,0,0
"H2841",0,1,0,0,1
"H2842",0,1,0,0,1
"H2843",0,1,0,0,1
"H2844",0,1,0,0,1
"H2845",0,1,0,0,0
"H2846",0,1,0,0,1
"H2847",0,1,0,0,0
"H2848",0,1,0,0,0
"H2849",0,1,0,0,0
"H2850",0,1,0,0,1
"H2851",0,1,0,0,1
"H2852",0,1,0,0,0
"H2853",0,1,0,0,0
"H2854",0,1,0,0,0
"H2855",0,1,0,0,0
"H2856",0,1,0,0,0
"H2857",0,1,0,0,0
"H2858",0,1,0,0,0
"H2859",0,1,0,0,0
"H2860",0,1,0,0,0
"H2861",0,1,0,0,0
"H2862",0,1,0,0,0
"H2863",0,1,0,0,0
"H2864",0,1,0,0,1
"H2865",0,1,0,0,1
"H2866",0,1,0,0,1
"H2867",0,1,0,0,0
"H2868",0,1,0,0,0
"H2869",0,1,0,0,1
"H2870",0,1,0,0,1
"H2871",0,1,0,0,1
"H2872",0,1,0,0,1
"H2873",0,1,0,0,1
"H2874",0,1,0,0,1
"H2875",0,1,0,0,1
"H2876",0,1,0,0,1
"H2877",0,1,0,0,1
"H2878",0,1,0,1,1
"H2879",0,1,1,0,1
"H2880",0,1,0,0,0
"H2881",0,1,0,0,0
"H2882",0,1,0,0,0
"H2883",0,1,0,0,0
"H2884",0,1,0,0,1
"H2885",0,1,0,1,1
"H2886",0,1,0,0,1
"H2887",0,1,0,1,1
"H2888",0,1,0,0,1
"H2889",0,1,0,0,0
"H2890",0,1,0,1,1
"H2891",0,1,0,1,1
"H2892",0,1,0,1,1
"H2893",0,1,0,0,1
"H2894",0,1,0,0,1
"H2895",0,1,0,1,1
"H2896",0,1,0,1,1
"H2897",0,1,0,1,1
"H2898",0,1,0,0,1
"H2899",0,1,0,0,1
"H2900",0,1,0,0,1
"H2901",0,1,0,0,1
"H2902",0,1,0,0,1
"H2903",0,1,0,0,1
"H2904",0,1,0,0,1
"H2905",0,1,0,0,1
"H2906",0,1,0,1,1
"H2907",0,1,0,1,1
"H2908",0,1,0,0,1
"H2909",0,1,0,0,1
"H2910",0,0,0,0,1
"H2911",0,0,0,0,1
"H2912",0,0,0,0,1
"H2913",0,0,0,0,1
"H2914",0,0,0,0,1
"H2915",0,0,0,0,1
"H2916",0,0,0,0,1
"H2917",0,0,0,0,1
"H2918",0,0,0,0,1
"H2919",0,1,0,0,1
"H2920",0,1,0,0,1
"H2921",0,1,0,0,1
"H2922",0,1,0,0,1
"H2923",0,1,0,0,0
"H2924",0,1,0,0,0
"H2925",0,1,0,0,1
"H2926",0,1,0,0,1
"H2927",0,1,0,0,1
"H2928",0,1,0,0,1
"H2929",0,1,0,0,0
"H2930",0,1,0,0,1
"H2931",0,1,0,0,1
"H2932",0,0,0,0,1
