"streetID","burglary","totalhouses","distance","connectivity","choice_q","integ_q","business_q","socioeconomic_q"
"S1",27,90,277.938,3,3,1,5,2
"S2",14,67,384.077,6,3,2,4,3
"S3",2,57,382.129,4,3,2,4,2
"S4",14,33,138.704,4,3,1,1,3
"S5",15,42,241.3,5,3,1,5,1
"S6",17,48,138.071,1,1,1,5,1
"S7",4,34,170.708,10,3,1,4,1
"S8",1,30,139.797,5,3,1,5,1
"S9",10,27,142.727,4,2,1,5,1
"S10",23,67,148.824,2,2,1,5,1
"S11",7,39,368.371,16,4,2,5,2
"S12",5,22,119.796,6,3,1,1,2
"S13",22,41,202.301,2,1,1,4,2
"S14",10,38,164.726,2,1,1,4,2
"S15",23,45,116.402,5,2,1,5,4
"S16",10,56,116.746,3,2,1,5,1
"S17",4,34,370.885,15,4,2,5,4
"S18",17,45,128.149,2,2,1,1,1
"S19",14,63,127.618,2,2,1,4,3
"S20",14,44,127.388,2,2,1,1,4
"S21",13,42,130.861,6,2,1,1,3
"S22",2,42,132.504,4,2,1,1,4
"S23",7,58,132.803,2,2,1,1,3
"S24",7,52,120.853,2,2,1,1,4
"S25",3,38,233.165,5,3,1,1,5
"S26",1,46,230.517,6,3,1,4,1
"S27",5,35,228.443,5,3,1,4,3
"S28",13,56,268.33,8,3,2,1,1
"S29",15,44,255.234,8,4,2,1,1
"S30",1,41,371.744,19,4,2,5,4
"S31",12,41,111.781,3,3,1,1,1
"S32",11,27,87.215,4,2,1,1,1
"S33",12,51,196.691,8,4,2,5,2
"S34",4,38,388.177,12,4,3,4,3
"S35",7,24,61.83,1,1,2,1,4
"S36",7,43,178.635,5,3,2,1,4
"S37",2,30,98.821,1,1,1,1,4
"S38",12,44,392.865,11,4,2,4,4
"S39",2,22,37.848,1,1,1,1,2
"S40",19,39,147.396,3,2,1,1,4
"S41",7,96,479.495,5,3,2,1,4
"S42",4,29,146.405,3,2,1,1,4
"S43",8,36,125.346,7,4,2,4,1
"S44",12,64,333.511,4,3,1,3,1
"S45",22,65,164.556,5,3,1,5,4
"S46",0,36,336.986,14,4,2,5,1
"S47",8,19,76.556,3,3,1,1,1
"S48",19,40,44.227,1,1,1,1,1
"S49",2,21,144.655,1,1,1,1,4
"S50",4,50,355.95,3,1,4,1,5
"S51",11,47,687.401,8,4,4,4,5
"S52",10,46,380.814,2,3,3,1,5
"S53",12,39,104.187,1,1,2,1,5
"S54",21,72,418.621,5,4,4,5,5
"S55",30,68,600.514,4,3,3,5,5
"S56",0,37,423.595,6,4,3,5,5
"S57",14,50,366.62,2,2,2,4,5
"S58",37,94,876.478,6,4,4,4,5
"S59",2,26,264.991,2,1,3,1,5
"S60",9,73,224.612,1,1,2,1,5
"S61",4,53,701.069,4,3,4,4,5
"S62",12,64,178.335,4,3,4,5,4
"S63",14,24,124.986,1,1,2,1,2
"S64",0,41,675.978,9,4,3,5,5
"S65",2,29,263.607,5,4,4,1,5
"S66",10,27,265.61,3,3,3,1,5
"S67",2,41,439.238,4,2,2,1,2
"S68",0,74,391.354,2,1,2,1,5
"S69",43,82,350.998,4,4,3,1,5
"S70",1,14,92.669,1,1,3,1,5
"S71",3,31,124.375,1,1,1,1,2
"S72",9,25,94.788,3,1,1,1,5
"S73",17,41,156.504,5,3,2,1,5
"S74",2,30,243.298,5,2,2,1,5
"S75",3,69,459.981,5,4,3,1,4
"S76",14,63,404.746,4,3,3,1,5
"S77",5,58,889.818,10,4,4,4,5
"S78",66,104,606.391,15,4,4,4,5
"S79",6,37,505.346,12,4,3,5,2
"S80",8,36,103.803,6,3,1,1,3
"S81",1,28,79.881,5,2,1,1,5
"S82",27,49,67.275,2,2,1,5,3
"S83",21,81,120.677,8,3,1,1,2
"S84",11,43,201.277,13,4,1,5,4
"S85",1,49,344.306,17,4,2,1,3
"S86",0,14,50.931,2,2,1,1,1
"S87",4,27,62.074,3,2,1,1,1
"S88",19,37,71.147,4,2,1,1,5
"S89",6,33,85.416,7,3,1,4,1
"S90",12,44,65.265,5,3,1,5,2
"S91",7,31,101.952,7,4,1,5,1
"S92",17,54,103.283,9,3,1,1,5
"S93",16,71,57.021,3,2,1,1,1
"S94",22,52,67.391,3,3,1,1,5
"S95",0,21,54.475,3,2,1,1,5
"S96",11,46,92.914,6,2,1,1,4
"S97",4,13,79.451,5,2,1,1,5
"S98",2,47,155.113,7,3,1,1,3
"S99",21,53,162.874,8,4,2,1,5
"S100",3,19,93.274,3,2,1,1,2
"S101",35,60,74.442,3,3,2,5,2
"S102",17,45,182.678,7,3,2,5,2
"S103",9,75,281.383,13,4,2,1,3
"S104",3,27,103.899,2,2,1,5,2
"S105",3,51,236.682,10,3,2,5,2
"S106",3,20,101.071,7,2,2,5,1
"S107",9,40,91.879,2,1,2,5,4
"S108",0,25,443.755,20,4,3,5,1
"S109",1,23,185.565,5,3,2,1,2
"S110",0,28,180.436,2,2,2,1,2
"S111",19,49,169.736,2,2,2,1,1
"S112",9,84,26.779,1,1,2,1,1
"S113",6,35,56.261,1,1,2,1,1
"S114",6,26,48.177,1,1,2,1,1
"S115",0,47,386.255,9,4,3,3,4
"S116",2,24,97.388,1,1,1,1,1
"S117",7,50,218.936,11,3,1,1,2
"S118",6,41,129.952,1,1,1,1,1
"S119",1,52,220.514,2,2,1,1,3
"S120",0,49,387.63,13,4,3,4,2
"S121",3,24,36.729,1,1,1,1,1
"S122",12,69,37.936,1,1,1,1,1
"S123",15,29,128.415,3,2,1,4,1
"S124",1,19,146.126,6,4,1,1,4
"S125",3,27,127.125,2,1,1,4,3
"S126",3,26,199.546,9,3,1,5,1
"S127",14,47,329.08,12,3,1,4,5
"S128",3,37,130.316,2,2,1,1,3
"S129",1,18,77.455,8,3,1,4,3
"S130",14,30,87.024,4,1,1,1,3
"S131",10,37,71.75,3,2,1,1,3
"S132",7,30,83.334,3,2,1,1,4
"S133",9,52,221.831,9,4,1,4,2
"S134",4,29,58.881,3,3,1,1,4
"S135",24,41,71.521,3,3,1,1,3
"S136",2,39,196.685,3,3,1,4,3
"S137",20,43,158.105,5,3,1,1,4
"S138",3,12,51.843,6,2,1,1,4
"S139",0,30,444.493,16,4,1,1,4
"S140",12,46,455.638,20,4,4,5,4
"S141",6,48,133.053,2,1,3,1,3
"S142",6,62,175.109,6,4,3,4,3
"S143",34,83,40.087,1,1,1,4,1
"S144",31,58,241.967,4,1,3,1,3
"S145",10,29,116.352,1,1,3,1,2
"S146",0,36,588.232,15,4,4,5,5
"S147",20,58,316.549,5,3,2,5,4
"S148",8,59,253.779,2,2,3,1,3
"S149",13,40,257.963,3,3,3,1,3
"S150",0,35,102.512,1,1,2,1,3
"S151",2,52,190.17,1,1,1,1,3
"S152",5,39,191.687,1,1,1,1,4
"S153",15,49,317.37,5,3,2,1,5
"S154",3,31,311.852,5,2,2,1,3
"S155",5,19,86.171,4,2,2,1,5
"S156",40,71,338.711,6,3,3,4,5
"S157",2,25,86.251,2,2,2,1,5
"S158",11,39,204.239,4,3,2,5,3
"S159",13,47,206.659,2,2,2,1,1
"S160",24,82,338.758,6,4,3,3,5
"S161",3,41,337.313,6,3,3,1,5
"S162",7,43,140.279,3,3,2,3,4
"S163",0,16,142.991,3,3,2,1,3
"S164",9,39,183.887,1,1,2,1,4
"S165",8,46,324.641,8,4,3,4,5
"S166",10,41,240.657,2,2,2,4,5
"S167",7,25,50.26,1,1,2,1,4
"S168",8,42,134.054,3,3,2,4,5
"S169",21,48,97.65,2,1,1,1,3
"S170",19,40,134.574,4,3,2,1,5
"S171",7,20,46.721,1,1,1,1,3
"S172",10,63,369.712,8,3,3,3,4
"S173",12,58,206.564,1,1,2,4,3
"S174",0,28,197.92,1,1,1,1,2
"S175",6,42,368.659,4,3,2,1,5
"S176",11,43,236.619,1,1,1,4,1
"S177",68,123,658.695,17,4,4,1,5
"S178",6,59,198.047,1,1,3,1,2
"S179",2,71,543.576,12,4,3,4,5
"S180",14,75,568.76,5,4,4,3,5
"S181",26,55,321.649,5,4,4,5,5
"S182",15,66,355.831,2,3,3,4,5
"S183",12,39,230.583,1,1,2,1,4
"S184",5,66,520.084,7,4,4,1,3
"S185",2,51,150.51,7,4,4,1,1
"S186",6,41,152.65,4,2,3,1,2
"S187",1,28,256.644,9,4,3,4,4
"S188",1,31,228.536,11,4,3,5,1
"S189",13,39,92.667,2,2,2,5,1
"S190",2,14,117.552,2,1,2,1,4
"S191",0,50,280.258,9,4,3,5,1
"S192",4,33,176.113,4,3,2,5,3
"S193",11,39,165.599,7,3,3,4,2
"S194",6,23,138.979,2,2,2,1,2
"S195",0,37,109.48,5,2,2,1,2
"S196",12,37,224.99,6,2,3,4,1
"S197",32,51,112.243,1,1,3,1,4
"S198",19,87,518.161,20,4,3,5,1
"S199",17,43,112.095,5,3,2,1,1
"S200",10,22,102.016,6,3,2,1,1
"S201",9,27,110.175,2,2,1,4,1
"S202",1,33,114.003,4,3,1,1,1
"S203",5,28,44.587,1,1,3,1,4
"S204",3,15,46.902,1,1,2,1,2
"S205",2,12,114.377,3,4,3,4,2
"S206",3,21,83.351,3,4,3,1,1
"S207",15,40,128.665,7,4,2,5,2
"S208",12,33,106.257,3,2,1,1,1
"S209",2,60,158.816,3,2,2,4,2
"S210",0,39,129.378,2,2,1,1,5
"S211",0,18,113.966,5,3,2,5,1
"S212",2,30,76.769,3,2,1,1,4
"S213",33,100,297.044,14,4,3,5,3
"S214",1,20,110.867,4,3,3,5,1
"S215",0,17,76.117,2,2,2,1,1
"S216",3,29,107.755,4,2,2,4,2
"S217",14,34,181.117,11,3,2,1,1
"S218",19,53,389.981,11,4,3,4,3
"S219",4,47,210.94,10,4,3,4,2
"S220",28,50,164.943,3,1,2,1,5
"S221",2,29,186.79,2,3,2,1,2
"S222",0,54,149.652,8,4,2,1,5
"S223",4,26,186.529,2,3,2,1,2
"S224",5,22,93.394,1,1,2,1,3
"S225",12,36,86.853,1,1,1,1,2
"S226",2,32,100.406,2,2,2,1,1
"S227",1,58,327.507,10,4,2,4,4
"S228",20,54,149.221,1,1,1,1,2
"S229",13,36,95.496,1,1,3,1,3
"S230",0,46,73.536,1,1,3,1,1
"S231",29,64,136.866,1,1,1,1,5
"S232",21,62,168.82,2,3,2,1,4
"S233",18,38,84.975,1,1,2,5,4
"S234",3,62,131.216,3,4,3,5,1
"S235",4,47,133.725,1,1,3,4,4
"S236",3,26,130.168,5,2,3,1,1
"S237",2,36,145.216,4,3,3,5,4
"S238",11,48,135.691,3,2,2,5,3
"S239",4,44,117.51,6,3,3,5,4
"S240",2,35,263.205,4,3,2,4,3
"S241",7,45,65.888,1,1,1,1,2
"S242",3,43,294.488,2,2,3,5,2
"S243",11,43,230.345,13,4,4,5,5
"S244",2,37,149.448,7,4,3,4,4
"S245",5,26,75.947,2,2,3,1,1
"S246",5,25,85.842,3,3,4,1,3
"S247",0,67,283.819,12,4,4,5,4
"S248",17,56,98.787,4,2,3,5,4
"S249",10,37,72.448,2,2,3,1,2
"S250",33,63,122.806,9,4,4,4,2
"S251",1,20,31.598,1,1,2,5,2
"S252",44,71,105.205,8,3,3,5,3
"S253",16,55,235.469,16,4,4,1,5
"S254",3,30,69.675,2,2,3,1,4
"S255",3,29,60.336,3,3,3,1,1
"S256",4,42,49.89,2,3,3,1,3
"S257",6,44,153.064,2,2,3,4,2
"S258",19,52,133.931,4,3,3,5,1
"S259",2,14,108.312,3,2,2,1,4
"S260",3,41,30.155,1,1,1,4,2
"S261",7,34,109.681,10,4,2,1,5
"S262",0,21,68.541,3,3,2,1,5
"S263",18,42,102.285,6,3,3,4,5
"S264",20,61,92.547,4,4,4,1,5
"S265",3,51,48.498,1,1,2,1,4
"S266",20,48,275.262,3,4,4,2,5
"S267",5,58,87.698,6,3,2,4,3
"S268",7,37,127.215,3,1,3,4,5
"S269",4,24,45.911,1,1,2,5,3
"S270",13,57,144.47,4,3,3,2,5
"S271",12,73,332.141,11,4,3,4,5
"S272",0,46,202.369,11,4,3,4,5
"S273",0,26,26.885,1,1,2,2,4
"S274",14,30,60.776,2,2,2,5,3
"S275",23,48,75.192,6,3,2,2,4
"S276",8,33,129.631,5,2,2,2,2
"S277",1,22,47.276,3,2,2,2,3
"S278",19,30,112.521,5,3,2,5,1
"S279",0,27,70.872,2,2,1,2,4
"S280",1,38,84.282,7,3,3,2,4
"S281",7,32,105.083,4,2,3,2,4
"S282",11,48,135.611,5,3,3,2,5
"S283",7,30,59.407,2,2,2,2,4
"S284",14,33,57.576,5,3,3,5,4
"S285",7,35,72.937,2,2,4,2,3
"S286",8,31,46.876,1,1,2,5,1
"S287",34,69,165.651,2,1,2,2,4
"S288",0,15,56.641,5,3,3,5,3
"S289",22,66,172.833,7,4,4,4,5
"S290",10,26,65.169,2,1,4,2,3
"S291",0,53,130.164,4,4,4,2,2
"S292",28,72,66.441,1,1,2,2,4
"S293",0,63,313.737,16,4,3,3,5
"S294",2,14,32.829,2,1,3,2,4
"S295",8,54,146.08,12,4,4,5,5
"S296",16,34,42.348,1,1,3,2,3
"S297",25,37,61.414,5,2,3,2,2
"S298",6,34,90.783,9,3,3,2,4
"S299",18,55,79.96,5,2,3,2,5
"S300",12,45,48.181,1,1,2,2,4
"S301",10,33,88.318,2,2,2,5,2
"S302",10,43,92.203,6,3,3,2,5
"S303",1,37,175.762,8,3,4,2,3
"S304",8,34,73.408,8,3,4,2,3
"S305",15,44,118.203,12,4,4,2,1
"S306",18,52,260.11,12,4,4,4,2
"S307",6,34,37.425,1,1,4,2,4
"S308",34,54,64.556,1,1,4,2,5
"S309",11,30,53.149,1,1,4,2,1
"S310",0,29,137.407,8,4,4,5,2
"S311",0,23,192.824,2,4,4,4,5
"S312",1,31,173.99,2,4,4,2,2
"S313",5,70,378.266,6,4,4,5,3
"S314",6,43,241.122,5,3,4,4,2
"S315",10,29,80.89,2,1,4,2,5
"S316",11,46,178.53,6,3,4,5,2
"S317",8,27,111.249,3,2,4,5,1
"S318",5,40,229.513,7,4,4,4,3
"S319",8,24,54.61,1,1,4,2,4
"S320",18,30,41.188,1,1,4,5,3
"S321",1,25,68.528,4,2,4,4,2
"S322",3,43,107.464,2,2,4,4,2
"S323",20,61,84.706,2,2,4,2,3
"S324",8,48,347.419,12,4,4,5,5
"S325",1,49,139.192,2,1,4,5,1
"S326",1,27,201.899,4,4,4,5,4
"S327",18,43,165.845,5,3,4,5,3
"S328",5,41,248.55,8,4,4,5,2
"S329",10,62,202.694,3,3,4,3,2
"S330",1,12,121.314,3,3,4,5,1
"S331",19,39,84.974,1,1,3,4,2
"S332",0,43,225.296,3,3,4,2,2
"S333",3,49,275.306,5,3,4,4,5
"S334",1,37,227.292,8,4,4,4,5
"S335",6,72,202.435,4,3,4,4,4
"S336",2,41,560.215,3,1,4,3,5
"S337",1,74,335.887,14,4,4,5,4
"S338",2,38,145.289,1,1,4,2,2
"S339",24,54,151.196,2,3,4,2,3
"S340",10,55,60.732,1,1,3,2,3
"S341",6,37,89.372,3,2,4,2,2
"S342",2,20,69.705,2,2,4,2,2
"S343",3,14,52.758,2,2,4,2,2
"S344",2,24,316.966,5,2,4,2,1
"S345",19,54,382.898,16,4,4,4,4
"S346",37,67,499.162,7,4,4,5,4
"S347",1,33,235.937,4,2,4,4,4
"S348",21,101,318.506,2,2,4,2,3
"S349",12,104,304.693,9,4,4,4,5
"S350",0,29,101.223,5,3,3,2,4
"S351",5,26,175.3,8,3,3,2,4
"S352",13,33,61.125,4,1,2,2,5
"S353",8,67,205.15,6,3,3,2,2
"S354",1,21,68.65,6,2,3,2,5
"S355",13,39,186.41,4,3,4,2,2
"S356",5,28,128.806,4,3,4,4,2
"S357",3,32,151.104,4,3,3,2,2
"S358",1,30,98.934,4,3,4,2,3
"S359",5,35,160.953,6,4,3,2,1
"S360",4,26,54.28,1,1,2,2,3
"S361",26,61,234.741,3,2,3,3,3
"S362",11,29,44.156,1,1,2,2,3
"S363",4,19,105.408,1,1,3,4,2
"S364",3,64,411.247,16,4,4,4,1
"S365",2,24,133.219,4,3,4,4,2
"S366",10,56,152.24,2,2,4,2,4
"S367",0,128,167.166,2,2,4,2,1
"S368",4,34,164.984,2,2,4,2,2
"S369",20,55,131.782,5,2,4,3,3
"S370",28,62,136.417,6,2,4,5,1
"S371",3,44,135.488,4,2,4,2,1
"S372",8,29,115.68,2,2,3,4,1
"S373",15,44,114.286,1,1,3,2,2
"S374",18,64,307.711,14,4,4,4,5
"S375",0,23,75.856,8,3,4,4,1
"S376",6,30,65.427,2,1,3,2,3
"S377",5,35,182.009,8,3,4,5,2
"S378",2,28,157.28,2,2,4,4,4
"S379",3,34,274.846,3,1,4,2,5
"S380",10,53,233.053,9,3,3,4,3
"S381",5,32,228.241,8,4,4,4,5
"S382",0,20,108.006,1,1,3,4,3
"S383",13,35,76.807,3,2,3,2,5
"S384",10,35,106.279,2,1,3,2,2
"S385",12,59,233.791,5,3,4,4,4
"S386",8,30,38.257,1,1,4,2,1
"S387",0,24,97.081,4,1,4,2,5
"S388",15,41,140.089,4,1,3,2,5
"S389",0,65,528.22,9,4,4,3,5
"S390",10,61,181.4,9,4,4,2,5
"S391",2,22,240.906,2,1,4,2,2
"S392",1,23,187.3,4,2,3,5,5
"S393",0,52,236.13,2,2,3,2,1
"S394",1,44,231.454,2,2,3,2,1
"S395",5,52,230.477,3,2,3,5,1
"S396",0,31,235.994,2,2,4,5,1
"S397",0,68,257.191,2,2,4,2,3
"S398",4,47,225.541,1,1,4,5,1
"S399",0,15,159.986,11,4,4,5,4
"S400",7,38,81.707,2,2,4,4,4
"S401",9,56,133.426,3,1,3,2,4
"S402",21,37,89.012,10,3,4,2,1
"S403",5,35,85.358,1,1,4,5,2
"S404",6,53,285.821,14,4,4,5,4
"S405",9,32,57.05,4,2,4,2,1
"S406",5,33,36.19,1,1,4,2,3
"S407",13,29,75.901,2,2,4,2,2
"S408",7,17,36.504,1,1,4,2,1
"S409",41,75,180.158,3,2,4,5,2
"S410",5,33,112.675,1,1,4,2,3
"S411",4,61,331.721,9,4,4,5,4
"S412",8,80,277.389,3,3,4,4,3
"S413",6,48,73.424,1,1,3,2,1
"S414",12,68,46.866,1,1,3,2,1
"S415",0,49,87.932,5,2,4,2,1
"S416",0,22,84.016,2,2,4,2,3
"S417",11,46,268.331,11,4,4,5,2
"S418",7,24,92.984,2,2,4,2,3
"S419",5,28,131.431,2,1,4,2,4
"S420",6,68,90.656,3,2,4,2,4
"S421",22,51,99.295,2,1,4,2,5
"S422",4,80,235.01,9,3,4,2,3
"S423",13,47,184.662,6,3,4,2,3
"S424",25,58,91.15,3,2,3,2,3
"S425",18,68,55.491,1,1,4,2,4
"S426",2,19,86.205,4,3,4,2,4
"S427",6,30,99.045,3,3,4,4,4
"S428",15,37,42.886,1,1,3,2,4
"S429",2,20,45.805,1,1,3,2,4
"S430",8,37,47.751,1,1,3,2,1
"S431",5,29,77.731,2,2,3,2,3
"S432",1,48,192.33,15,4,4,5,2
"S433",16,88,433.34,11,4,4,4,4
"S434",2,63,294.662,7,4,4,2,3
"S435",5,21,46.761,1,1,4,2,2
"S436",2,30,74.669,2,1,4,2,2
"S437",3,21,98.573,5,2,4,2,1
"S438",1,29,87.509,4,2,3,2,4
"S439",4,25,90.079,5,3,4,4,4
"S440",1,15,80.453,2,1,4,2,2
"S441",0,38,237.911,12,4,4,4,5
"S442",50,75,104.539,2,1,4,2,2
"S443",3,29,170.71,9,4,4,4,3
"S444",12,50,121.057,8,4,4,2,2
"S445",17,42,97.446,6,2,2,4,3
"S446",3,26,82.767,4,3,3,5,2
"S447",10,43,95.126,5,3,3,2,1
"S448",3,27,56.468,6,3,2,2,1
"S449",5,72,286.895,8,4,4,4,3
"S450",16,53,44.113,1,1,3,5,2
"S451",3,17,52.047,1,1,3,2,2
"S452",8,57,358.459,20,4,4,5,3
"S453",25,56,141.554,3,3,1,5,2
"S454",13,32,44.69,1,1,3,2,1
"S455",2,37,90.7,3,1,3,5,2
"S456",10,30,122.364,6,3,3,4,3
"S457",20,41,49.242,1,1,1,2,2
"S458",30,58,42.358,1,1,1,4,4
"S459",8,26,24.903,1,1,1,5,2
"S460",5,53,102.781,3,3,3,4,4
"S461",3,43,38.32,1,1,2,4,1
"S462",5,152,88.764,6,3,3,5,2
"S463",7,32,86.821,1,1,4,5,5
"S464",17,55,134.644,5,4,4,2,3
"S465",15,39,56.875,1,1,3,5,5
"S466",23,40,50.58,1,1,3,2,4
"S467",0,51,105.695,2,3,4,2,3
"S468",10,24,43.59,1,1,3,4,3
"S469",16,50,193.822,6,3,3,4,2
"S470",8,26,73.126,1,1,2,2,1
"S471",32,52,36.799,1,1,2,2,2
"S472",32,62,81.099,7,3,4,4,1
"S473",0,67,51.665,7,3,4,4,2
"S474",22,48,50.601,2,2,4,2,1
"S475",4,41,178.812,13,4,3,3,2
"S476",5,41,55.315,4,2,2,2,4
"S477",6,28,54.816,2,2,2,2,2
"S478",37,51,122.039,4,2,3,5,3
"S479",3,37,231.568,12,2,3,4,2
"S480",17,64,227.071,7,3,3,2,1
"S481",12,54,369.145,18,4,4,4,2
"S482",4,19,86.42,6,1,4,5,1
"S483",1,32,94.834,2,4,4,2,5
"S484",17,33,153.296,2,3,4,2,5
"S485",0,22,114.616,4,2,3,2,2
"S486",8,21,43.515,1,1,4,2,5
"S487",9,49,74.011,1,1,4,2,1
"S488",42,59,63.879,1,1,3,2,2
"S489",5,43,276.451,11,4,4,5,2
"S490",0,11,80.774,4,2,1,2,1
"S491",0,32,114.34,4,1,2,5,3
"S492",25,37,148.911,7,3,2,2,3
"S493",40,65,69.846,4,2,2,5,5
"S494",40,62,72.384,2,2,2,5,2
"S495",15,46,147.418,12,4,3,5,2
"S496",1,37,141.856,10,4,3,4,3
"S497",15,31,122.898,4,3,3,4,1
"S498",22,71,227.826,10,4,3,2,3
"S499",12,37,110.043,3,2,2,2,5
"S500",3,26,69.143,1,1,2,2,5
"S501",0,32,136.977,2,1,3,2,5
"S502",3,81,232.21,10,4,3,5,4
"S503",4,49,65.397,3,2,2,4,4
"S504",1,32,95.042,2,2,2,2,2
"S505",14,42,82.907,2,2,2,2,4
"S506",1,31,138.569,3,2,2,2,4
"S507",2,56,148.728,9,3,3,2,2
"S508",2,37,217.195,9,4,3,4,4
"S509",33,74,209.428,10,4,3,4,2
"S510",12,51,100.952,3,3,2,4,2
"S511",7,43,101.201,4,3,2,5,4
"S512",11,37,103.692,7,3,2,2,1
"S513",4,44,152.088,9,4,3,4,2
"S514",2,53,104.908,4,2,1,5,4
"S515",9,37,121.508,3,4,2,2,5
"S516",3,37,110.447,1,1,1,4,5
"S517",5,35,102.636,2,1,1,5,5
"S518",8,40,108.956,2,1,2,2,5
"S519",12,53,168.152,2,1,3,2,1
"S520",10,42,246.987,11,4,3,2,5
"S521",0,14,19.639,1,1,2,2,4
"S522",24,58,36.998,1,1,1,2,1
"S523",11,37,131.806,4,3,2,2,2
"S524",4,32,137.344,8,4,3,2,5
"S525",13,42,48.729,1,1,2,2,1
"S526",6,30,57.738,1,1,2,2,1
"S527",6,71,66.365,2,2,2,2,1
"S528",4,34,149.522,7,3,2,2,1
"S529",0,19,58.345,1,1,1,2,5
"S530",0,28,162.724,4,3,2,4,3
"S531",27,67,84.72,5,4,3,2,1
"S532",22,43,106.282,1,1,1,2,4
"S533",19,52,149.832,4,3,1,2,1
"S534",5,34,151.292,5,3,1,3,2
"S535",13,36,118.688,2,1,1,3,2
"S536",11,53,191.474,3,3,1,3,4
"S537",19,85,130.491,1,1,1,4,4
"S538",5,46,227.962,1,1,1,3,5
"S539",3,61,478.309,12,4,2,3,4
"S540",3,18,68.538,4,1,1,3,5
"S541",0,62,229.341,4,4,1,3,4
"S542",4,38,432.486,5,4,4,4,3
"S543",19,54,187.435,11,4,3,4,3
"S544",30,67,168.466,2,2,3,3,2
"S545",11,53,222.496,5,2,2,4,4
"S546",8,26,165.109,4,3,3,4,3
"S547",3,27,86.38,1,1,2,3,4
"S548",13,43,83.377,1,1,2,3,3
"S549",6,35,182.171,1,1,2,3,3
"S550",19,85,180.347,1,1,2,4,4
"S551",2,41,259.4,3,3,3,3,4
"S552",16,39,63.79,1,1,2,3,3
"S553",20,41,72.965,1,1,2,3,3
"S554",2,30,172.301,7,4,3,3,5
"S555",6,26,146.67,3,2,2,3,4
"S556",4,54,182.754,3,2,2,3,4
"S557",19,53,377.852,11,4,3,3,4
"S558",28,97,574.853,6,4,4,4,2
"S559",5,27,187.593,8,4,2,4,3
"S560",32,109,532.131,4,4,3,3,3
"S561",53,153,601.809,4,4,3,3,3
"S562",1,52,427.717,5,4,4,3,4
"S563",2,62,469.93,1,1,4,3,5
"S564",2,56,422.286,6,4,4,4,3
"S565",5,62,204.401,4,3,3,3,4
"S566",2,26,50.546,3,1,1,3,1
"S567",1,39,106.604,5,2,1,3,2
"S568",12,49,168.105,3,2,2,3,1
"S569",6,15,133.289,7,4,3,3,4
"S570",0,40,48.146,1,1,2,3,5
"S571",7,30,35.057,1,1,2,3,3
"S572",9,73,249.847,9,4,3,4,3
"S573",5,57,204.131,9,4,4,4,5
"S574",5,51,251.617,7,4,4,4,2
"S575",1,24,164.036,4,4,4,4,3
"S576",41,58,89.366,2,2,3,5,2
"S577",8,40,54.08,2,1,2,3,5
"S578",6,18,78.681,2,2,3,3,5
"S579",3,33,80.091,3,3,3,4,3
"S580",6,31,228.245,6,4,4,3,2
"S581",28,50,119.795,2,2,3,5,2
"S582",18,58,194.318,11,4,3,5,4
"S583",1,29,44.727,9,3,3,3,4
"S584",17,61,55.621,7,4,3,3,3
"S585",0,20,138.681,1,1,4,3,1
"S586",6,43,299.502,6,4,4,5,4
"S587",22,51,134.316,5,3,4,3,2
"S588",7,36,138.887,6,3,3,4,1
"S589",6,20,70.848,4,2,3,5,1
"S590",17,58,40.671,1,1,3,3,1
"S591",19,51,56.962,2,2,3,3,4
"S592",16,86,184.328,7,4,4,4,1
"S593",17,70,286.773,18,4,4,4,1
"S594",12,29,57.639,1,1,2,3,4
"S595",5,21,65.03,1,1,2,3,3
"S596",2,60,64.928,5,3,3,3,4
"S597",4,25,64.742,4,2,3,3,3
"S598",11,39,69.324,2,2,2,3,3
"S599",6,63,176.19,9,4,4,4,1
"S600",3,24,68.062,3,3,4,3,1
"S601",23,63,155.166,9,4,4,4,1
"S602",7,30,94.65,3,4,3,3,2
"S603",0,34,59.317,2,2,3,3,3
"S604",11,40,91.476,3,3,3,3,3
"S605",1,26,104.783,3,3,2,4,2
"S606",11,45,140.172,8,4,4,3,3
"S607",3,36,114.789,8,4,4,5,5
"S608",40,56,17.774,1,1,4,3,4
"S609",11,33,30.422,1,1,4,3,3
"S610",2,35,432.612,7,4,4,3,5
"S611",9,31,121.221,2,2,3,5,1
"S612",5,21,78.41,3,2,3,3,1
"S613",7,72,488.537,3,2,2,3,4
"S614",5,34,252.176,2,3,3,3,5
"S615",18,76,440.904,2,2,2,3,3
"S616",3,67,469.569,14,4,2,3,2
"S617",11,43,74.398,4,4,1,3,1
"S618",2,44,379.103,4,4,2,3,4
"S619",9,67,609.089,18,4,3,3,3
"S620",3,27,51.035,6,1,3,3,2
"S621",9,26,105.432,2,3,2,3,2
"S622",34,62,107.782,3,2,1,3,1
"S623",0,19,253.953,6,4,3,3,3
"S624",3,41,201.913,1,1,2,4,4
"S625",0,56,124.352,6,1,3,3,3
"S626",6,55,163.785,2,1,2,3,2
"S627",0,43,302.948,2,2,2,3,4
"S628",2,69,368.008,2,2,2,3,5
"S629",10,76,470.492,3,2,2,3,2
"S630",4,59,425.532,1,1,2,3,3
"S631",3,82,224.697,3,3,3,3,5
"S632",10,50,526.17,10,4,3,3,5
"S633",5,39,490.759,4,4,3,3,5
"S634",23,92,785.947,3,3,2,3,3
"S635",10,56,736.836,4,3,2,3,5
"S636",3,22,315.096,1,1,1,3,5
"S637",12,64,581.643,3,3,1,3,5
"S638",3,47,135.871,6,3,2,3,5
"S639",1,27,344.853,3,3,1,3,5
"S640",19,53,274.222,5,2,2,3,5
"S641",5,60,900.222,13,4,3,4,5
"S642",3,22,275.245,4,3,1,3,4
"S643",9,52,335.704,3,3,2,4,3
"S644",9,36,149.1,1,1,1,3,3
"S645",24,48,184.907,3,3,1,3,1
"S646",19,67,168.686,2,1,1,3,2
"S647",3,42,373.304,5,3,2,3,3
"S648",22,37,93.189,6,2,1,3,1
"S649",26,84,361.87,7,4,2,3,2
"S650",3,35,72.359,5,2,1,3,1
"S651",23,69,310.286,6,4,2,3,3
"S652",18,44,124.949,2,2,2,3,3
"S653",6,38,120.404,2,2,2,3,1
"S654",18,64,84.126,2,2,2,3,4
"S655",6,28,78.302,2,2,2,3,5
"S656",8,55,504.921,7,3,2,3,2
"S657",18,73,514.262,6,4,2,4,2
"S658",1,84,516.679,10,4,1,3,4
"S659",4,35,173.626,3,3,2,3,4
"S660",2,21,166.67,3,3,2,3,3
"S661",18,45,245.489,4,2,1,4,4
"S662",31,62,61.454,4,1,1,3,5
"S663",11,71,115.369,1,1,1,3,2
"S664",7,32,122.118,4,2,1,4,3
"S665",49,72,298.943,8,3,1,3,3
"S666",12,42,195.419,5,2,1,4,4
"S667",63,91,121.913,4,3,1,3,3
"S668",21,44,123.314,6,2,1,4,3
"S669",0,27,180.607,6,3,1,3,4
"S670",9,52,183.897,4,2,1,3,2
"S671",6,46,109.9,2,2,2,3,1
"S672",40,105,289.929,3,4,2,3,1
"S673",8,71,119.166,6,2,1,3,5
"S674",18,96,354.712,3,3,1,3,4
"S675",20,53,269.409,2,2,1,3,5
"S676",8,54,452.944,13,4,1,5,2
"S677",6,38,442.909,15,4,1,3,5
"S678",10,49,190.793,2,2,1,3,2
"S679",12,48,205.753,2,2,1,3,4
"S680",0,59,320.272,2,4,2,3,4
"S681",12,54,282.327,4,3,2,3,4
"S682",39,69,250.273,10,4,2,4,2
"S683",4,45,249.716,2,2,1,5,3
"S684",1,26,249.184,7,3,1,5,1
"S685",4,32,248.541,3,2,1,4,1
"S686",3,29,199.579,2,1,1,5,1
"S687",16,40,182.782,11,4,1,3,3
"S688",0,35,168.38,7,3,1,3,1
"S689",28,45,85.37,5,2,1,3,3
"S690",29,67,118.027,2,2,1,3,3
"S691",4,19,64.54,1,1,1,3,4
"S692",0,40,218.858,1,1,1,3,5
"S693",1,37,196.279,13,3,1,5,1
"S694",32,49,76.139,4,3,1,3,4
"S695",10,24,86.061,6,3,1,3,3
"S696",1,34,313.808,16,4,1,5,2
"S697",8,36,60.551,1,1,1,3,3
"S698",14,48,149.783,1,1,1,3,2
"S699",24,58,105.05,10,4,1,5,1
"S700",7,31,121.085,12,4,1,3,1
"S701",7,30,130.185,2,2,1,5,3
"S702",6,38,143.443,2,2,1,5,1
"S703",2,39,121.329,4,2,1,5,1
"S704",6,26,105.231,4,2,1,5,5
"S705",9,26,177.307,10,3,1,5,1
"S706",2,73,263.867,4,2,1,5,2
"S707",57,77,228.009,8,4,1,5,1
"S708",26,64,143.499,12,4,1,5,3
"S709",20,45,161.217,2,2,1,5,3
"S710",21,41,142.369,5,2,1,4,1
"S711",15,52,319.27,15,4,1,5,2
"S712",11,47,157.965,2,2,1,4,2
"S713",2,45,188.603,2,2,1,4,2
"S714",34,73,217.602,11,3,1,5,3
"S715",1,27,71.714,3,1,1,3,3
"S716",5,32,74.641,8,3,2,5,5
"S717",6,55,50.396,1,1,3,5,1
"S718",6,40,33.079,1,1,2,3,1
"S719",8,16,65.819,2,3,4,5,4
"S720",9,41,43.101,1,1,4,3,3
"S721",8,27,82.721,2,2,4,3,1
"S722",1,17,35.343,1,1,3,3,3
"S723",5,22,92.13,3,2,4,3,1
"S724",13,26,78.014,4,4,4,5,2
"S725",4,54,552.037,18,4,4,5,5
"S726",2,62,444.631,6,4,4,5,4
"S727",14,40,50.167,2,1,3,3,2
"S728",1,59,480.324,17,4,4,4,4
"S729",1,39,198.058,14,4,4,4,5
"S730",4,98,994.394,20,4,4,4,4
"S731",0,48,938.929,14,4,4,4,5
"S732",3,69,666.491,19,4,4,5,3
"S733",1,122,887.123,13,4,4,4,5
"S734",1,61,673.193,8,4,4,4,5
"S735",20,30,325.285,13,4,1,5,1
"S736",3,25,321.694,15,4,1,5,3
"S737",10,49,283.942,5,4,2,3,5
"S738",0,37,117.638,1,1,1,3,4
"S739",20,90,1020.7,20,4,3,3,5
"S740",46,59,66.04,1,1,2,3,5
"S741",19,70,310.028,2,1,1,5,1
"S742",3,73,684.849,17,4,2,5,5
"S743",20,89,549.14,11,4,3,3,5
