"OBJECTID","LAD21CD","LAD21NM","year","population","casualties","expectednum"
1,"E06000001","Hartlepool",2015,92498,132,133
1,"E06000001","Hartlepool",2016,92845,90,134
1,"E06000001","Hartlepool",2017,93019,74,134
1,"E06000001","Hartlepool",2018,93242,56,134
1,"E06000001","Hartlepool",2019,93663,62,135
1,"E06000001","Hartlepool",2020,93836,92,135
2,"E06000002","Middlesbrough",2015,139310,254,200
2,"E06000002","Middlesbrough",2016,140326,193,202
2,"E06000002","Middlesbrough",2017,140639,146,202
2,"E06000002","Middlesbrough",2018,140545,148,202
2,"E06000002","Middlesbrough",2019,140980,126,203
2,"E06000002","Middlesbrough",2020,141285,109,203
3,"E06000003","Redcar and Cleveland",2015,135324,172,195
3,"E06000003","Redcar and Cleveland",2016,135496,162,195
3,"E06000003","Redcar and Cleveland",2017,136005,132,196
3,"E06000003","Redcar and Cleveland",2018,136718,100,197
3,"E06000003","Redcar and Cleveland",2019,137150,106,197
3,"E06000003","Redcar and Cleveland",2020,137228,94,197
4,"E06000004","Stockton-on-Tees",2015,195128,252,281
4,"E06000004","Stockton-on-Tees",2016,195958,196,282
4,"E06000004","Stockton-on-Tees",2017,196487,191,283
4,"E06000004","Stockton-on-Tees",2018,197213,131,284
4,"E06000004","Stockton-on-Tees",2019,197348,179,284
4,"E06000004","Stockton-on-Tees",2020,197419,117,284
5,"E06000005","Darlington",2015,105998,162,153
5,"E06000005","Darlington",2016,106327,165,153
5,"E06000005","Darlington",2017,106347,147,153
5,"E06000005","Darlington",2018,106566,147,153
5,"E06000005","Darlington",2019,106803,124,154
5,"E06000005","Darlington",2020,107402,72,155
6,"E06000006","Halton",2015,126719,181,182
6,"E06000006","Halton",2016,127306,174,183
6,"E06000006","Halton",2017,127595,170,184
6,"E06000006","Halton",2018,128432,119,185
6,"E06000006","Halton",2019,129410,151,186
6,"E06000006","Halton",2020,129759,87,187
7,"E06000007","Warrington",2015,207781,411,299
7,"E06000007","Warrington",2016,208973,351,301
7,"E06000007","Warrington",2017,209704,335,302
7,"E06000007","Warrington",2018,209547,350,302
7,"E06000007","Warrington",2019,210014,244,302
7,"E06000007","Warrington",2020,209397,173,301
8,"E06000008","Blackburn with Darwen",2015,147856,329,213
8,"E06000008","Blackburn with Darwen",2016,148462,316,214
8,"E06000008","Blackburn with Darwen",2017,148772,351,214
8,"E06000008","Blackburn with Darwen",2018,148942,328,214
8,"E06000008","Blackburn with Darwen",2019,149696,288,215
8,"E06000008","Blackburn with Darwen",2020,150030,241,216
9,"E06000009","Blackpool",2015,140162,283,202
9,"E06000009","Blackpool",2016,139983,302,201
9,"E06000009","Blackpool",2017,139870,283,201
9,"E06000009","Blackpool",2018,139305,243,200
9,"E06000009","Blackpool",2019,139446,215,201
9,"E06000009","Blackpool",2020,138381,184,199
10,"E06000010","Kingston upon Hull, City of",2015,258587,478,372
10,"E06000010","Kingston upon Hull, City of",2016,260035,445,374
10,"E06000010","Kingston upon Hull, City of",2017,260673,380,375
10,"E06000010","Kingston upon Hull, City of",2018,260645,391,375
10,"E06000010","Kingston upon Hull, City of",2019,259778,394,374
10,"E06000010","Kingston upon Hull, City of",2020,259126,274,373
11,"E06000011","East Riding of Yorkshire",2015,336756,767,485
11,"E06000011","East Riding of Yorkshire",2016,337804,731,486
11,"E06000011","East Riding of Yorkshire",2017,338061,611,486
11,"E06000011","East Riding of Yorkshire",2018,339614,610,489
11,"E06000011","East Riding of Yorkshire",2019,341173,572,491
11,"E06000011","East Riding of Yorkshire",2020,343201,369,494
12,"E06000012","North East Lincolnshire",2015,159971,318,230
12,"E06000012","North East Lincolnshire",2016,159828,311,230
12,"E06000012","North East Lincolnshire",2017,159826,261,230
12,"E06000012","North East Lincolnshire",2018,159821,243,230
12,"E06000012","North East Lincolnshire",2019,159563,242,230
12,"E06000012","North East Lincolnshire",2020,159364,173,229
13,"E06000013","North Lincolnshire",2015,169843,474,244
13,"E06000013","North Lincolnshire",2016,170807,371,246
13,"E06000013","North Lincolnshire",2017,171294,369,246
13,"E06000013","North Lincolnshire",2018,172005,350,247
13,"E06000013","North Lincolnshire",2019,172292,349,248
13,"E06000013","North Lincolnshire",2020,172748,269,249
14,"E06000014","York",2015,205784,209,296
14,"E06000014","York",2016,206920,196,298
14,"E06000014","York",2017,208163,175,300
14,"E06000014","York",2018,209893,187,302
14,"E06000014","York",2019,210618,157,303
14,"E06000014","York",2020,211012,132,304
15,"E06000015","Derby",2015,253875,425,365
15,"E06000015","Derby",2016,256203,366,369
15,"E06000015","Derby",2017,257034,247,370
15,"E06000015","Derby",2018,257174,246,370
15,"E06000015","Derby",2019,257302,297,370
15,"E06000015","Derby",2020,256814,277,370
16,"E06000016","Leicester",2015,344036,550,495
16,"E06000016","Leicester",2016,349513,614,503
16,"E06000016","Leicester",2017,353540,538,509
16,"E06000016","Leicester",2018,355218,442,511
16,"E06000016","Leicester",2019,354224,376,510
16,"E06000016","Leicester",2020,354036,322,509
17,"E06000017","Rutland",2015,38352,77,55
17,"E06000017","Rutland",2016,38949,96,56
17,"E06000017","Rutland",2017,39474,59,57
17,"E06000017","Rutland",2018,39697,48,57
17,"E06000017","Rutland",2019,39927,36,57
17,"E06000017","Rutland",2020,40476,31,58
18,"E06000018","Nottingham",2015,318936,571,459
18,"E06000018","Nottingham",2016,324779,495,467
18,"E06000018","Nottingham",2017,329209,490,474
18,"E06000018","Nottingham",2018,331069,528,476
18,"E06000018","Nottingham",2019,332900,485,479
18,"E06000018","Nottingham",2020,337098,334,485
19,"E06000019","Herefordshire, County of",2015,188522,374,271
19,"E06000019","Herefordshire, County of",2016,189532,378,273
19,"E06000019","Herefordshire, County of",2017,191041,288,275
19,"E06000019","Herefordshire, County of",2018,192107,310,276
19,"E06000019","Herefordshire, County of",2019,192801,325,277
19,"E06000019","Herefordshire, County of",2020,193615,198,279
20,"E06000020","Telford and Wrekin",2015,171677,196,247
20,"E06000020","Telford and Wrekin",2016,173727,220,250
20,"E06000020","Telford and Wrekin",2017,175768,188,253
20,"E06000020","Telford and Wrekin",2018,177799,159,256
20,"E06000020","Telford and Wrekin",2019,179854,130,259
20,"E06000020","Telford and Wrekin",2020,181322,99,261
21,"E06000021","Stoke-on-Trent",2015,251746,479,362
21,"E06000021","Stoke-on-Trent",2016,253659,567,365
21,"E06000021","Stoke-on-Trent",2017,255378,340,367
21,"E06000021","Stoke-on-Trent",2018,255833,296,368
21,"E06000021","Stoke-on-Trent",2019,256375,246,369
21,"E06000021","Stoke-on-Trent",2020,256622,153,369
22,"E06000022","Bath and North East Somerset",2015,184287,246,265
22,"E06000022","Bath and North East Somerset",2016,186946,176,269
22,"E06000022","Bath and North East Somerset",2017,188678,201,271
22,"E06000022","Bath and North East Somerset",2018,192106,203,276
22,"E06000022","Bath and North East Somerset",2019,193282,172,278
22,"E06000022","Bath and North East Somerset",2020,196357,130,283
23,"E06000023","Bristol, City of",2015,450640,523,648
23,"E06000023","Bristol, City of",2016,455966,477,656
23,"E06000023","Bristol, City of",2017,459252,443,661
23,"E06000023","Bristol, City of",2018,463405,502,667
23,"E06000023","Bristol, City of",2019,463377,434,667
23,"E06000023","Bristol, City of",2020,465866,338,670
24,"E06000024","North Somerset",2015,209941,267,302
24,"E06000024","North Somerset",2016,211747,326,305
24,"E06000024","North Somerset",2017,212834,327,306
24,"E06000024","North Somerset",2018,213919,287,308
24,"E06000024","North Somerset",2019,215052,268,309
24,"E06000024","North Somerset",2020,215574,173,310
25,"E06000025","South Gloucestershire",2015,273952,348,394
25,"E06000025","South Gloucestershire",2016,276677,388,398
25,"E06000025","South Gloucestershire",2017,279027,283,401
25,"E06000025","South Gloucestershire",2018,282644,373,407
25,"E06000025","South Gloucestershire",2019,285093,388,410
25,"E06000025","South Gloucestershire",2020,287816,260,414
26,"E06000026","Plymouth",2015,261386,446,376
26,"E06000026","Plymouth",2016,262355,365,377
26,"E06000026","Plymouth",2017,263070,382,379
26,"E06000026","Plymouth",2018,263100,323,379
26,"E06000026","Plymouth",2019,262100,316,377
26,"E06000026","Plymouth",2020,262839,218,378
27,"E06000027","Torbay",2015,133791,204,193
27,"E06000027","Torbay",2016,134406,209,193
27,"E06000027","Torbay",2017,135247,175,195
27,"E06000027","Torbay",2018,135780,160,195
27,"E06000027","Torbay",2019,136264,162,196
27,"E06000027","Torbay",2020,136218,101,196
28,"E06000030","Swindon",2015,217584,348,313
28,"E06000030","Swindon",2016,218580,389,315
28,"E06000030","Swindon",2017,220363,285,317
28,"E06000030","Swindon",2018,221996,275,319
28,"E06000030","Swindon",2019,222193,302,320
28,"E06000030","Swindon",2020,222881,222,321
29,"E06000031","Peterborough",2015,193657,505,279
29,"E06000031","Peterborough",2016,196735,476,283
29,"E06000031","Peterborough",2017,198914,453,286
29,"E06000031","Peterborough",2018,201041,458,289
29,"E06000031","Peterborough",2019,202259,391,291
29,"E06000031","Peterborough",2020,202626,290,292
30,"E06000032","Luton",2015,213581,361,307
30,"E06000032","Luton",2016,215914,399,311
30,"E06000032","Luton",2017,214658,455,309
30,"E06000032","Luton",2018,214109,456,308
30,"E06000032","Luton",2019,213052,386,307
30,"E06000032","Luton",2020,213528,337,307
31,"E06000033","Southend-on-Sea",2015,179234,302,258
31,"E06000033","Southend-on-Sea",2016,180606,207,260
31,"E06000033","Southend-on-Sea",2017,181808,194,262
31,"E06000033","Southend-on-Sea",2018,182463,218,263
31,"E06000033","Southend-on-Sea",2019,183125,165,263
31,"E06000033","Southend-on-Sea",2020,182773,112,263
32,"E06000034","Thurrock",2015,166040,293,239
32,"E06000034","Thurrock",2016,168428,361,242
32,"E06000034","Thurrock",2017,170394,292,245
32,"E06000034","Thurrock",2018,172525,287,248
32,"E06000034","Thurrock",2019,174341,269,251
32,"E06000034","Thurrock",2020,175531,242,253
33,"E06000035","Medway",2015,275176,528,396
33,"E06000035","Medway",2016,276957,487,399
33,"E06000035","Medway",2017,277616,519,399
33,"E06000035","Medway",2018,277855,505,400
33,"E06000035","Medway",2019,278556,472,401
33,"E06000035","Medway",2020,279142,362,402
34,"E06000036","Bracknell Forest",2015,119205,186,172
34,"E06000036","Bracknell Forest",2016,119730,173,172
34,"E06000036","Bracknell Forest",2017,120377,120,173
34,"E06000036","Bracknell Forest",2018,121676,76,175
34,"E06000036","Bracknell Forest",2019,122549,103,176
34,"E06000036","Bracknell Forest",2020,124165,81,179
35,"E06000037","West Berkshire",2015,157460,261,227
35,"E06000037","West Berkshire",2016,158576,271,228
35,"E06000037","West Berkshire",2017,158473,210,228
35,"E06000037","West Berkshire",2018,158527,182,228
35,"E06000037","West Berkshire",2019,158450,166,228
35,"E06000037","West Berkshire",2020,158465,113,228
36,"E06000038","Reading",2015,161701,203,233
36,"E06000038","Reading",2016,162701,167,234
36,"E06000038","Reading",2017,163075,150,235
36,"E06000038","Reading",2018,163203,117,235
36,"E06000038","Reading",2019,161780,85,233
36,"E06000038","Reading",2020,160337,106,231
37,"E06000039","Slough",2015,146038,383,210
37,"E06000039","Slough",2016,147736,303,213
37,"E06000039","Slough",2017,148768,270,214
37,"E06000039","Slough",2018,149112,196,215
37,"E06000039","Slough",2019,149539,186,215
37,"E06000039","Slough",2020,149577,137,215
38,"E06000040","Windsor and Maidenhead",2015,148277,266,213
38,"E06000040","Windsor and Maidenhead",2016,149689,240,215
38,"E06000040","Windsor and Maidenhead",2017,150140,208,216
38,"E06000040","Windsor and Maidenhead",2018,150906,162,217
38,"E06000040","Windsor and Maidenhead",2019,151422,121,218
38,"E06000040","Windsor and Maidenhead",2020,151273,64,218
39,"E06000041","Wokingham",2015,161200,228,232
39,"E06000041","Wokingham",2016,163087,184,235
39,"E06000041","Wokingham",2017,164980,162,237
39,"E06000041","Wokingham",2018,167979,154,242
39,"E06000041","Wokingham",2019,171119,121,246
39,"E06000041","Wokingham",2020,173945,91,250
40,"E06000042","Milton Keynes",2015,263181,646,379
40,"E06000042","Milton Keynes",2016,266240,603,383
40,"E06000042","Milton Keynes",2017,267521,561,385
40,"E06000042","Milton Keynes",2018,268607,498,386
40,"E06000042","Milton Keynes",2019,269457,466,388
40,"E06000042","Milton Keynes",2020,270203,272,389
41,"E06000043","Brighton and Hove",2015,284073,352,409
41,"E06000043","Brighton and Hove",2016,287173,345,413
41,"E06000043","Brighton and Hove",2017,288155,278,415
41,"E06000043","Brighton and Hove",2018,290395,255,418
41,"E06000043","Brighton and Hove",2019,290885,291,419
41,"E06000043","Brighton and Hove",2020,291738,196,420
42,"E06000044","Portsmouth",2015,210538,250,303
42,"E06000044","Portsmouth",2016,213335,262,307
42,"E06000044","Portsmouth",2017,214718,235,309
42,"E06000044","Portsmouth",2018,215133,234,310
42,"E06000044","Portsmouth",2019,214905,221,309
42,"E06000044","Portsmouth",2020,214692,199,309
43,"E06000045","Southampton",2015,246054,281,354
43,"E06000045","Southampton",2016,250377,291,360
43,"E06000045","Southampton",2017,252359,258,363
43,"E06000045","Southampton",2018,252796,265,364
43,"E06000045","Southampton",2019,252520,213,363
43,"E06000045","Southampton",2020,252872,170,364
45,"E06000047","County Durham",2015,519347,803,747
45,"E06000047","County Durham",2016,521776,765,751
45,"E06000047","County Durham",2017,523662,831,753
45,"E06000047","County Durham",2018,526980,693,758
45,"E06000047","County Durham",2019,530094,600,763
45,"E06000047","County Durham",2020,533149,404,767
46,"E06000049","Cheshire East",2015,375722,693,541
46,"E06000049","Cheshire East",2016,377303,648,543
46,"E06000049","Cheshire East",2017,378846,573,545
46,"E06000049","Cheshire East",2018,380790,563,548
46,"E06000049","Cheshire East",2019,384152,404,553
46,"E06000049","Cheshire East",2020,386667,349,556
47,"E06000050","Cheshire West and Chester",2015,333949,676,481
47,"E06000050","Cheshire West and Chester",2016,335724,663,483
47,"E06000050","Cheshire West and Chester",2017,337986,569,486
47,"E06000050","Cheshire West and Chester",2018,340502,541,490
47,"E06000050","Cheshire West and Chester",2019,343071,482,494
47,"E06000050","Cheshire West and Chester",2020,343823,311,495
48,"E06000051","Shropshire",2015,312227,501,449
48,"E06000051","Shropshire",2016,314392,618,452
48,"E06000051","Shropshire",2017,317459,495,457
48,"E06000051","Shropshire",2018,320274,425,461
48,"E06000051","Shropshire",2019,323136,440,465
48,"E06000051","Shropshire",2020,325415,295,468
49,"E06000052","Cornwall",2015,550283,1172,792
49,"E06000052","Cornwall",2016,555057,1272,799
49,"E06000052","Cornwall",2017,561349,1115,808
49,"E06000052","Cornwall",2018,565968,1120,814
49,"E06000052","Cornwall",2019,569578,1068,820
49,"E06000052","Cornwall",2020,573299,789,825
51,"E06000054","Wiltshire",2015,488487,988,703
51,"E06000054","Wiltshire",2016,492240,981,708
51,"E06000054","Wiltshire",2017,496043,858,714
51,"E06000054","Wiltshire",2018,498064,766,717
51,"E06000054","Wiltshire",2019,500024,881,719
51,"E06000054","Wiltshire",2020,504070,579,725
52,"E06000055","Bedford",2015,166376,299,239
52,"E06000055","Bedford",2016,168814,348,243
52,"E06000055","Bedford",2017,169912,291,244
52,"E06000055","Bedford",2018,171623,266,247
52,"E06000055","Bedford",2019,173292,269,249
52,"E06000055","Bedford",2020,174687,230,251
53,"E06000056","Central Bedfordshire",2015,272421,652,392
53,"E06000056","Central Bedfordshire",2016,276731,629,398
53,"E06000056","Central Bedfordshire",2017,280030,721,403
53,"E06000056","Central Bedfordshire",2018,283606,635,408
53,"E06000056","Central Bedfordshire",2019,288648,636,415
53,"E06000056","Central Bedfordshire",2020,294096,447,423
54,"E06000057","Northumberland",2015,316453,0,455
54,"E06000057","Northumberland",2016,317444,0,457
54,"E06000057","Northumberland",2017,319030,0,459
54,"E06000057","Northumberland",2018,320274,0,461
54,"E06000057","Northumberland",2019,322434,0,464
54,"E06000057","Northumberland",2020,323820,0,466
55,"E06000058","Bournemouth, Christchurch and Poole",2015,NA,NA,NA
55,"E06000058","Bournemouth, Christchurch and Poole",2016,NA,NA,NA
55,"E06000058","Bournemouth, Christchurch and Poole",2017,NA,NA,NA
55,"E06000058","Bournemouth, Christchurch and Poole",2018,NA,NA,NA
55,"E06000058","Bournemouth, Christchurch and Poole",2019,NA,NA,NA
55,"E06000058","Bournemouth, Christchurch and Poole",2020,NA,NA,NA
56,"E06000059","Dorset",2015,NA,NA,NA
56,"E06000059","Dorset",2016,NA,NA,NA
56,"E06000059","Dorset",2017,NA,NA,NA
56,"E06000059","Dorset",2018,NA,NA,NA
56,"E06000059","Dorset",2019,NA,NA,NA
56,"E06000059","Dorset",2020,NA,NA,NA
57,"E06000060","Buckinghamshire",2015,NA,NA,NA
57,"E06000060","Buckinghamshire",2016,NA,NA,NA
57,"E06000060","Buckinghamshire",2017,NA,NA,NA
57,"E06000060","Buckinghamshire",2018,NA,NA,NA
57,"E06000060","Buckinghamshire",2019,NA,NA,NA
57,"E06000060","Buckinghamshire",2020,NA,NA,NA
58,"E06000061","North Northamptonshire",2015,NA,NA,NA
58,"E06000061","North Northamptonshire",2016,NA,NA,NA
58,"E06000061","North Northamptonshire",2017,NA,NA,NA
58,"E06000061","North Northamptonshire",2018,NA,NA,NA
58,"E06000061","North Northamptonshire",2019,NA,NA,NA
58,"E06000061","North Northamptonshire",2020,NA,NA,NA
59,"E06000062","West Northamptonshire",2015,NA,NA,NA
59,"E06000062","West Northamptonshire",2016,NA,NA,NA
59,"E06000062","West Northamptonshire",2017,NA,NA,NA
59,"E06000062","West Northamptonshire",2018,NA,NA,NA
59,"E06000062","West Northamptonshire",2019,NA,NA,NA
59,"E06000062","West Northamptonshire",2020,NA,NA,NA
60,"E07000008","Cambridge",2015,125105,68,180
60,"E07000008","Cambridge",2016,124635,92,179
60,"E07000008","Cambridge",2017,124919,98,180
60,"E07000008","Cambridge",2018,125758,84,181
60,"E07000008","Cambridge",2019,124798,81,180
60,"E07000008","Cambridge",2020,125063,48,180
61,"E07000009","East Cambridgeshire",2015,87783,138,126
61,"E07000009","East Cambridgeshire",2016,88189,170,127
61,"E07000009","East Cambridgeshire",2017,88858,199,128
61,"E07000009","East Cambridgeshire",2018,89362,155,129
61,"E07000009","East Cambridgeshire",2019,89840,131,129
61,"E07000009","East Cambridgeshire",2020,90172,112,130
62,"E07000010","Fenland",2015,98814,165,142
62,"E07000010","Fenland",2016,99636,191,143
62,"E07000010","Fenland",2017,100776,177,145
62,"E07000010","Fenland",2018,101491,209,146
62,"E07000010","Fenland",2019,101850,150,147
62,"E07000010","Fenland",2020,102080,137,147
63,"E07000011","Huntingdonshire",2015,175334,373,252
63,"E07000011","Huntingdonshire",2016,176095,418,253
63,"E07000011","Huntingdonshire",2017,176979,404,255
63,"E07000011","Huntingdonshire",2018,177352,359,255
63,"E07000011","Huntingdonshire",2019,177963,282,256
63,"E07000011","Huntingdonshire",2020,178985,192,258
64,"E07000012","South Cambridgeshire",2015,154488,347,222
64,"E07000012","South Cambridgeshire",2016,156020,377,224
64,"E07000012","South Cambridgeshire",2017,156705,312,225
64,"E07000012","South Cambridgeshire",2018,157519,307,227
64,"E07000012","South Cambridgeshire",2019,159086,280,229
64,"E07000012","South Cambridgeshire",2020,160904,214,232
65,"E07000026","Allerdale",2015,96756,222,139
65,"E07000026","Allerdale",2016,97099,240,140
65,"E07000026","Allerdale",2017,97213,222,140
65,"E07000026","Allerdale",2018,97527,215,140
65,"E07000026","Allerdale",2019,97761,181,141
65,"E07000026","Allerdale",2020,97831,111,141
66,"E07000027","Barrow-in-Furness",2015,67676,94,97
66,"E07000027","Barrow-in-Furness",2016,67532,79,97
66,"E07000027","Barrow-in-Furness",2017,67099,97,97
66,"E07000027","Barrow-in-Furness",2018,67137,84,97
66,"E07000027","Barrow-in-Furness",2019,67049,61,96
66,"E07000027","Barrow-in-Furness",2020,66726,50,96
67,"E07000028","Carlisle",2015,108109,221,156
67,"E07000028","Carlisle",2016,108388,176,156
67,"E07000028","Carlisle",2017,108274,208,156
67,"E07000028","Carlisle",2018,108387,209,156
67,"E07000028","Carlisle",2019,108678,174,156
67,"E07000028","Carlisle",2020,108524,104,156
68,"E07000029","Copeland",2015,69688,162,100
68,"E07000029","Copeland",2016,69306,168,100
68,"E07000029","Copeland",2017,68689,157,99
68,"E07000029","Copeland",2018,68424,145,98
68,"E07000029","Copeland",2019,68183,116,98
68,"E07000029","Copeland",2020,68041,78,98
69,"E07000030","Eden",2015,52576,184,76
69,"E07000030","Eden",2016,52642,170,76
69,"E07000030","Eden",2017,52779,175,76
69,"E07000030","Eden",2018,52881,183,76
69,"E07000030","Eden",2019,53253,79,77
69,"E07000030","Eden",2020,53754,69,77
70,"E07000031","South Lakeland",2015,103776,244,149
70,"E07000031","South Lakeland",2016,103826,230,149
70,"E07000031","South Lakeland",2017,104321,274,150
70,"E07000031","South Lakeland",2018,104532,186,150
70,"E07000031","South Lakeland",2019,105088,217,151
70,"E07000031","South Lakeland",2020,104905,131,151
71,"E07000032","Amber Valley",2015,124188,186,179
71,"E07000032","Amber Valley",2016,124802,144,180
71,"E07000032","Amber Valley",2017,125898,132,181
71,"E07000032","Amber Valley",2018,126678,118,182
71,"E07000032","Amber Valley",2019,128147,148,184
71,"E07000032","Amber Valley",2020,128829,86,185
72,"E07000033","Bolsover",2015,77917,186,112
72,"E07000033","Bolsover",2016,78225,111,113
72,"E07000033","Bolsover",2017,79098,97,114
72,"E07000033","Bolsover",2018,79530,83,114
72,"E07000033","Bolsover",2019,80562,97,116
72,"E07000033","Bolsover",2020,81305,118,117
73,"E07000034","Chesterfield",2015,104463,149,150
73,"E07000034","Chesterfield",2016,104527,125,150
73,"E07000034","Chesterfield",2017,104579,107,150
73,"E07000034","Chesterfield",2018,104628,87,151
73,"E07000034","Chesterfield",2019,104900,99,151
73,"E07000034","Chesterfield",2020,104930,92,151
74,"E07000035","Derbyshire Dales",2015,71301,188,103
74,"E07000035","Derbyshire Dales",2016,71477,139,103
74,"E07000035","Derbyshire Dales",2017,71849,107,103
74,"E07000035","Derbyshire Dales",2018,71977,91,104
74,"E07000035","Derbyshire Dales",2019,72325,111,104
74,"E07000035","Derbyshire Dales",2020,72422,120,104
75,"E07000036","Erewash",2015,114684,148,165
75,"E07000036","Erewash",2016,115112,119,166
75,"E07000036","Erewash",2017,115314,82,166
75,"E07000036","Erewash",2018,115490,100,166
75,"E07000036","Erewash",2019,115371,101,166
75,"E07000036","Erewash",2020,115332,88,166
76,"E07000037","High Peak",2015,91523,159,132
76,"E07000037","High Peak",2016,91720,137,132
76,"E07000037","High Peak",2017,92063,72,132
76,"E07000037","High Peak",2018,92221,115,133
76,"E07000037","High Peak",2019,92666,86,133
76,"E07000037","High Peak",2020,92633,76,133
77,"E07000038","North East Derbyshire",2015,99661,211,143
77,"E07000038","North East Derbyshire",2016,100450,147,145
77,"E07000038","North East Derbyshire",2017,100780,149,145
77,"E07000038","North East Derbyshire",2018,101125,124,146
77,"E07000038","North East Derbyshire",2019,101462,125,146
77,"E07000038","North East Derbyshire",2020,102216,111,147
78,"E07000039","South Derbyshire",2015,99345,186,143
78,"E07000039","South Derbyshire",2016,100421,188,144
78,"E07000039","South Derbyshire",2017,102385,155,147
78,"E07000039","South Derbyshire",2018,104493,134,150
78,"E07000039","South Derbyshire",2019,107261,137,154
78,"E07000039","South Derbyshire",2020,109516,92,158
79,"E07000040","East Devon",2015,138380,304,199
79,"E07000040","East Devon",2016,140271,264,202
79,"E07000040","East Devon",2017,142265,289,205
79,"E07000040","East Devon",2018,144317,263,208
79,"E07000040","East Devon",2019,146284,279,210
79,"E07000040","East Devon",2020,148080,183,213
80,"E07000041","Exeter",2015,125679,116,181
80,"E07000041","Exeter",2016,127522,138,183
80,"E07000041","Exeter",2017,128916,124,185
80,"E07000041","Exeter",2018,130428,99,188
80,"E07000041","Exeter",2019,131405,96,189
80,"E07000041","Exeter",2020,133333,77,192
81,"E07000042","Mid Devon",2015,79582,124,115
81,"E07000042","Mid Devon",2016,79880,144,115
81,"E07000042","Mid Devon",2017,80623,120,116
81,"E07000042","Mid Devon",2018,81695,121,118
81,"E07000042","Mid Devon",2019,82311,124,118
81,"E07000042","Mid Devon",2020,83290,89,120
82,"E07000043","North Devon",2015,94162,223,135
82,"E07000043","North Devon",2016,94643,182,136
82,"E07000043","North Devon",2017,95440,234,137
82,"E07000043","North Devon",2018,96110,197,138
82,"E07000043","North Devon",2019,97145,189,140
82,"E07000043","North Devon",2020,98170,163,141
83,"E07000044","South Hams",2015,84886,207,122
83,"E07000044","South Hams",2016,84834,193,122
83,"E07000044","South Hams",2017,85340,186,123
83,"E07000044","South Hams",2018,86221,165,124
83,"E07000044","South Hams",2019,87004,149,125
83,"E07000044","South Hams",2020,87946,93,127
84,"E07000045","Teignbridge",2015,128903,260,185
84,"E07000045","Teignbridge",2016,129917,280,187
84,"E07000045","Teignbridge",2017,131437,226,189
84,"E07000045","Teignbridge",2018,132844,277,191
84,"E07000045","Teignbridge",2019,134163,285,193
84,"E07000045","Teignbridge",2020,135039,149,194
85,"E07000046","Torridge",2015,66312,144,95
85,"E07000046","Torridge",2016,67022,125,96
85,"E07000046","Torridge",2017,67821,129,98
85,"E07000046","Torridge",2018,68143,119,98
85,"E07000046","Torridge",2019,68267,120,98
85,"E07000046","Torridge",2020,68719,108,99
86,"E07000047","West Devon",2015,54502,184,78
86,"E07000047","West Devon",2016,54742,142,79
86,"E07000047","West Devon",2017,55329,183,80
86,"E07000047","West Devon",2018,55528,130,80
86,"E07000047","West Devon",2019,55796,134,80
86,"E07000047","West Devon",2020,56139,105,81
87,"E07000061","Eastbourne",2015,102204,171,147
87,"E07000061","Eastbourne",2016,103003,151,148
87,"E07000061","Eastbourne",2017,103251,150,149
87,"E07000061","Eastbourne",2018,103160,101,148
87,"E07000061","Eastbourne",2019,103745,127,149
87,"E07000061","Eastbourne",2020,103324,102,149
88,"E07000062","Hastings",2015,91937,148,132
88,"E07000062","Hastings",2016,92903,145,134
88,"E07000062","Hastings",2017,92813,113,134
88,"E07000062","Hastings",2018,92855,108,134
88,"E07000062","Hastings",2019,92661,137,133
88,"E07000062","Hastings",2020,92554,102,133
89,"E07000063","Lewes",2015,100898,232,145
89,"E07000063","Lewes",2016,101631,170,146
89,"E07000063","Lewes",2017,102257,184,147
89,"E07000063","Lewes",2018,102744,192,148
89,"E07000063","Lewes",2019,103268,196,149
89,"E07000063","Lewes",2020,103525,142,149
90,"E07000064","Rother",2015,93192,301,134
90,"E07000064","Rother",2016,93966,240,135
90,"E07000064","Rother",2017,94997,232,137
90,"E07000064","Rother",2018,95656,222,138
90,"E07000064","Rother",2019,96080,279,138
90,"E07000064","Rother",2020,96716,199,139
91,"E07000065","Wealden",2015,156790,385,226
91,"E07000065","Wealden",2016,158054,438,227
91,"E07000065","Wealden",2017,158941,415,229
91,"E07000065","Wealden",2018,160175,395,230
91,"E07000065","Wealden",2019,161475,357,232
91,"E07000065","Wealden",2020,162733,299,234
92,"E07000066","Basildon",2015,181951,341,262
92,"E07000066","Basildon",2016,183768,313,264
92,"E07000066","Basildon",2017,184479,249,265
92,"E07000066","Basildon",2018,185862,222,267
92,"E07000066","Basildon",2019,187199,184,269
92,"E07000066","Basildon",2020,187558,136,270
93,"E07000067","Braintree",2015,150530,246,217
93,"E07000067","Braintree",2016,151233,229,218
93,"E07000067","Braintree",2017,151677,201,218
93,"E07000067","Braintree",2018,151561,195,218
93,"E07000067","Braintree",2019,152604,241,220
93,"E07000067","Braintree",2020,153091,182,220
94,"E07000068","Brentwood",2015,76403,166,110
94,"E07000068","Brentwood",2016,76769,190,110
94,"E07000068","Brentwood",2017,76575,164,110
94,"E07000068","Brentwood",2018,76550,157,110
94,"E07000068","Brentwood",2019,77021,140,111
94,"E07000068","Brentwood",2020,77242,147,111
95,"E07000069","Castle Point",2015,89184,131,128
95,"E07000069","Castle Point",2016,89752,114,129
95,"E07000069","Castle Point",2017,89814,99,129
95,"E07000069","Castle Point",2018,90070,100,130
95,"E07000069","Castle Point",2019,90376,60,130
95,"E07000069","Castle Point",2020,90524,61,130
96,"E07000070","Chelmsford",2015,172719,254,249
96,"E07000070","Chelmsford",2016,174197,271,251
96,"E07000070","Chelmsford",2017,176194,233,254
96,"E07000070","Chelmsford",2018,177079,249,255
96,"E07000070","Chelmsford",2019,178388,224,257
96,"E07000070","Chelmsford",2020,179549,204,258
97,"E07000071","Colchester",2015,184916,228,266
97,"E07000071","Colchester",2016,187633,313,270
97,"E07000071","Colchester",2017,190098,228,274
97,"E07000071","Colchester",2018,192523,262,277
97,"E07000071","Colchester",2019,194706,274,280
97,"E07000071","Colchester",2020,197200,221,284
98,"E07000072","Epping Forest",2015,129274,343,186
98,"E07000072","Epping Forest",2016,129923,409,187
98,"E07000072","Epping Forest",2017,130576,391,188
98,"E07000072","Epping Forest",2018,131137,381,189
98,"E07000072","Epping Forest",2019,131689,381,189
98,"E07000072","Epping Forest",2020,132175,262,190
99,"E07000073","Harlow",2015,85335,71,123
99,"E07000073","Harlow",2016,85867,96,124
99,"E07000073","Harlow",2017,86191,71,124
99,"E07000073","Harlow",2018,86594,77,125
99,"E07000073","Harlow",2019,87067,64,125
99,"E07000073","Harlow",2020,87280,53,126
100,"E07000074","Maldon",2015,62824,86,90
100,"E07000074","Maldon",2016,63418,92,91
100,"E07000074","Maldon",2017,63975,97,92
100,"E07000074","Maldon",2018,64425,92,93
100,"E07000074","Maldon",2019,64926,84,93
100,"E07000074","Maldon",2020,65401,68,94
101,"E07000075","Rochford",2015,85192,96,123
101,"E07000075","Rochford",2016,85708,110,123
101,"E07000075","Rochford",2017,86209,108,124
101,"E07000075","Rochford",2018,86981,104,125
101,"E07000075","Rochford",2019,87368,71,126
101,"E07000075","Rochford",2020,87627,50,126
102,"E07000076","Tendring",2015,141790,240,204
102,"E07000076","Tendring",2016,143353,258,206
102,"E07000076","Tendring",2017,144705,241,208
102,"E07000076","Tendring",2018,145803,241,210
102,"E07000076","Tendring",2019,146561,175,211
102,"E07000076","Tendring",2020,147353,183,212
103,"E07000077","Uttlesford",2015,85205,160,123
103,"E07000077","Uttlesford",2016,86289,161,124
103,"E07000077","Uttlesford",2017,87684,186,126
103,"E07000077","Uttlesford",2018,89179,178,128
103,"E07000077","Uttlesford",2019,91284,149,131
103,"E07000077","Uttlesford",2020,92759,142,133
104,"E07000078","Cheltenham",2015,116592,64,168
104,"E07000078","Cheltenham",2016,117217,57,169
104,"E07000078","Cheltenham",2017,117128,58,169
104,"E07000078","Cheltenham",2018,117090,59,168
104,"E07000078","Cheltenham",2019,116306,59,167
104,"E07000078","Cheltenham",2020,116043,47,167
105,"E07000079","Cotswold",2015,85548,153,123
105,"E07000079","Cotswold",2016,86121,173,124
105,"E07000079","Cotswold",2017,87509,179,126
105,"E07000079","Cotswold",2018,89022,145,128
105,"E07000079","Cotswold",2019,89862,166,129
105,"E07000079","Cotswold",2020,90264,121,130
106,"E07000080","Forest of Dean",2015,84576,132,122
106,"E07000080","Forest of Dean",2016,85411,75,123
106,"E07000080","Forest of Dean",2017,85957,111,124
106,"E07000080","Forest of Dean",2018,86543,72,125
106,"E07000080","Forest of Dean",2019,86791,107,125
106,"E07000080","Forest of Dean",2020,87107,83,125
107,"E07000081","Gloucester",2015,127169,99,183
107,"E07000081","Gloucester",2016,128355,120,185
107,"E07000081","Gloucester",2017,129083,115,186
107,"E07000081","Gloucester",2018,129285,71,186
107,"E07000081","Gloucester",2019,129128,97,186
107,"E07000081","Gloucester",2020,129709,78,187
108,"E07000082","Stroud",2015,116774,137,168
108,"E07000082","Stroud",2016,117472,86,169
108,"E07000082","Stroud",2017,118130,105,170
108,"E07000082","Stroud",2018,119019,69,171
108,"E07000082","Stroud",2019,119964,116,173
108,"E07000082","Stroud",2020,120903,95,174
109,"E07000083","Tewkesbury",2015,86868,122,125
109,"E07000083","Tewkesbury",2016,88518,159,127
109,"E07000083","Tewkesbury",2017,90332,114,130
109,"E07000083","Tewkesbury",2018,92599,108,133
109,"E07000083","Tewkesbury",2019,95019,123,137
109,"E07000083","Tewkesbury",2020,96624,86,139
110,"E07000084","Basingstoke and Deane",2015,174340,288,251
110,"E07000084","Basingstoke and Deane",2016,175226,328,252
110,"E07000084","Basingstoke and Deane",2017,175337,236,252
110,"E07000084","Basingstoke and Deane",2018,175729,241,253
110,"E07000084","Basingstoke and Deane",2019,176582,240,254
110,"E07000084","Basingstoke and Deane",2020,177760,207,256
111,"E07000085","East Hampshire",2015,118694,196,171
111,"E07000085","East Hampshire",2016,118705,248,171
111,"E07000085","East Hampshire",2017,119392,236,172
111,"E07000085","East Hampshire",2018,120681,185,174
111,"E07000085","East Hampshire",2019,122308,199,176
111,"E07000085","East Hampshire",2020,123838,132,178
112,"E07000086","Eastleigh",2015,128977,197,186
112,"E07000086","Eastleigh",2016,129546,193,186
112,"E07000086","Eastleigh",2017,130498,200,188
112,"E07000086","Eastleigh",2018,131819,160,190
112,"E07000086","Eastleigh",2019,133584,164,192
112,"E07000086","Eastleigh",2020,135520,127,195
113,"E07000087","Fareham",2015,115182,146,166
113,"E07000087","Fareham",2016,115818,150,167
113,"E07000087","Fareham",2017,116219,155,167
113,"E07000087","Fareham",2018,116339,111,167
113,"E07000087","Fareham",2019,116233,115,167
113,"E07000087","Fareham",2020,116338,104,167
114,"E07000088","Gosport",2015,84757,68,122
114,"E07000088","Gosport",2016,85492,60,123
114,"E07000088","Gosport",2017,85509,46,123
114,"E07000088","Gosport",2018,85283,46,123
114,"E07000088","Gosport",2019,84838,64,122
114,"E07000088","Gosport",2020,84679,42,122
115,"E07000089","Hart",2015,94395,176,136
115,"E07000089","Hart",2016,94882,133,137
115,"E07000089","Hart",2017,95465,124,137
115,"E07000089","Hart",2018,96293,155,139
115,"E07000089","Hart",2019,97073,130,140
115,"E07000089","Hart",2020,97608,103,140
116,"E07000090","Havant",2015,123122,141,177
116,"E07000090","Havant",2016,123891,115,178
116,"E07000090","Havant",2017,125065,133,180
116,"E07000090","Havant",2018,125813,123,181
116,"E07000090","Havant",2019,126220,144,182
116,"E07000090","Havant",2020,126339,110,182
117,"E07000091","New Forest",2015,179275,323,258
117,"E07000091","New Forest",2016,179529,360,258
117,"E07000091","New Forest",2017,179590,280,258
117,"E07000091","New Forest",2018,179753,294,259
117,"E07000091","New Forest",2019,180086,207,259
117,"E07000091","New Forest",2020,179649,206,258
118,"E07000092","Rushmoor",2015,95166,115,137
118,"E07000092","Rushmoor",2016,96091,149,138
118,"E07000092","Rushmoor",2017,95817,143,138
118,"E07000092","Rushmoor",2018,95142,98,137
118,"E07000092","Rushmoor",2019,94599,86,136
118,"E07000092","Rushmoor",2020,94387,64,136
119,"E07000093","Test Valley",2015,121352,242,175
119,"E07000093","Test Valley",2016,122823,215,177
119,"E07000093","Test Valley",2017,123957,231,178
119,"E07000093","Test Valley",2018,125169,224,180
119,"E07000093","Test Valley",2019,126160,193,182
119,"E07000093","Test Valley",2020,127163,180,183
120,"E07000094","Winchester",2015,121734,273,175
120,"E07000094","Winchester",2016,123100,315,177
120,"E07000094","Winchester",2017,123879,251,178
120,"E07000094","Winchester",2018,124295,313,179
120,"E07000094","Winchester",2019,124859,275,180
120,"E07000094","Winchester",2020,125925,188,181
121,"E07000095","Broxbourne",2015,96311,161,139
121,"E07000095","Broxbourne",2016,96881,141,139
121,"E07000095","Broxbourne",2017,96762,145,139
121,"E07000095","Broxbourne",2018,96876,107,139
121,"E07000095","Broxbourne",2019,97279,103,140
121,"E07000095","Broxbourne",2020,97592,73,140
122,"E07000096","Dacorum",2015,151069,201,217
122,"E07000096","Dacorum",2016,152445,200,219
122,"E07000096","Dacorum",2017,153316,194,221
122,"E07000096","Dacorum",2018,154280,153,222
122,"E07000096","Dacorum",2019,154763,157,223
122,"E07000096","Dacorum",2020,155457,108,224
123,"E07000098","Hertsmere",2015,103157,370,148
123,"E07000098","Hertsmere",2016,103705,380,149
123,"E07000098","Hertsmere",2017,104031,290,150
123,"E07000098","Hertsmere",2018,104205,271,150
123,"E07000098","Hertsmere",2019,104919,201,151
123,"E07000098","Hertsmere",2020,105471,187,152
124,"E07000099","North Hertfordshire",2015,131611,254,189
124,"E07000099","North Hertfordshire",2016,132655,313,191
124,"E07000099","North Hertfordshire",2017,133321,203,192
124,"E07000099","North Hertfordshire",2018,133214,201,192
124,"E07000099","North Hertfordshire",2019,133570,176,192
124,"E07000099","North Hertfordshire",2020,133463,150,192
125,"E07000102","Three Rivers",2015,91797,200,132
125,"E07000102","Three Rivers",2016,92676,184,133
125,"E07000102","Three Rivers",2017,92641,175,133
125,"E07000102","Three Rivers",2018,93045,172,134
125,"E07000102","Three Rivers",2019,93323,138,134
125,"E07000102","Three Rivers",2020,93966,79,135
126,"E07000103","Watford",2015,96348,112,139
126,"E07000103","Watford",2016,96577,156,139
126,"E07000103","Watford",2017,96675,113,139
126,"E07000103","Watford",2018,96767,96,139
126,"E07000103","Watford",2019,96577,111,139
126,"E07000103","Watford",2020,96623,66,139
127,"E07000105","Ashford",2015,124047,311,178
127,"E07000105","Ashford",2016,125871,312,181
127,"E07000105","Ashford",2017,127527,321,183
127,"E07000105","Ashford",2018,129281,319,186
127,"E07000105","Ashford",2019,130032,321,187
127,"E07000105","Ashford",2020,131018,243,189
128,"E07000106","Canterbury",2015,159663,311,230
128,"E07000106","Canterbury",2016,162502,296,234
128,"E07000106","Canterbury",2017,164100,288,236
128,"E07000106","Canterbury",2018,164553,280,237
128,"E07000106","Canterbury",2019,165394,264,238
128,"E07000106","Canterbury",2020,166762,202,240
129,"E07000107","Dartford",2015,103531,400,149
129,"E07000107","Dartford",2016,105117,428,151
129,"E07000107","Dartford",2017,107516,415,155
129,"E07000107","Dartford",2018,109709,410,158
129,"E07000107","Dartford",2019,112606,303,162
129,"E07000107","Dartford",2020,114051,268,164
130,"E07000108","Dover",2015,113446,208,163
130,"E07000108","Dover",2016,114572,297,165
130,"E07000108","Dover",2017,115803,225,167
130,"E07000108","Dover",2018,116969,210,168
130,"E07000108","Dover",2019,118131,175,170
130,"E07000108","Dover",2020,118514,140,171
131,"E07000109","Gravesham",2015,105715,206,152
131,"E07000109","Gravesham",2016,106215,293,153
131,"E07000109","Gravesham",2017,106121,243,153
131,"E07000109","Gravesham",2018,106385,234,153
131,"E07000109","Gravesham",2019,106939,239,154
131,"E07000109","Gravesham",2020,106890,182,154
132,"E07000110","Maidstone",2015,164019,448,236
132,"E07000110","Maidstone",2016,165719,457,238
132,"E07000110","Maidstone",2017,167730,437,241
132,"E07000110","Maidstone",2018,169955,446,245
132,"E07000110","Maidstone",2019,171826,357,247
132,"E07000110","Maidstone",2020,173132,266,249
133,"E07000111","Sevenoaks",2015,118165,357,170
133,"E07000111","Sevenoaks",2016,119011,381,171
133,"E07000111","Sevenoaks",2017,119429,344,172
133,"E07000111","Sevenoaks",2018,120293,318,173
133,"E07000111","Sevenoaks",2019,120750,253,174
133,"E07000111","Sevenoaks",2020,121387,225,175
134,"E07000112","Folkestone and Hythe",2015,NA,NA,NA
134,"E07000112","Folkestone and Hythe",2016,NA,NA,NA
134,"E07000112","Folkestone and Hythe",2017,NA,NA,NA
134,"E07000112","Folkestone and Hythe",2018,NA,NA,NA
134,"E07000112","Folkestone and Hythe",2019,NA,NA,NA
134,"E07000112","Folkestone and Hythe",2020,NA,NA,NA
135,"E07000113","Swale",2015,142465,355,205
135,"E07000113","Swale",2016,144917,328,209
135,"E07000113","Swale",2017,146694,392,211
135,"E07000113","Swale",2018,148519,334,214
135,"E07000113","Swale",2019,150082,354,216
135,"E07000113","Swale",2020,151015,282,217
136,"E07000114","Thanet",2015,139822,324,201
136,"E07000114","Thanet",2016,140828,353,203
136,"E07000114","Thanet",2017,141337,320,203
136,"E07000114","Thanet",2018,141819,255,204
136,"E07000114","Thanet",2019,141922,201,204
136,"E07000114","Thanet",2020,141458,192,204
137,"E07000115","Tonbridge and Malling",2015,125779,317,181
137,"E07000115","Tonbridge and Malling",2016,127305,403,183
137,"E07000115","Tonbridge and Malling",2017,128891,341,185
137,"E07000115","Tonbridge and Malling",2018,130508,346,188
137,"E07000115","Tonbridge and Malling",2019,132153,306,190
137,"E07000115","Tonbridge and Malling",2020,132571,238,191
138,"E07000116","Tunbridge Wells",2015,116610,271,168
138,"E07000116","Tunbridge Wells",2016,117357,235,169
138,"E07000116","Tunbridge Wells",2017,118061,265,170
138,"E07000116","Tunbridge Wells",2018,118054,215,170
138,"E07000116","Tunbridge Wells",2019,118724,232,171
138,"E07000116","Tunbridge Wells",2020,118939,136,171
139,"E07000117","Burnley",2015,87262,182,126
139,"E07000117","Burnley",2016,87496,144,126
139,"E07000117","Burnley",2017,87705,152,126
139,"E07000117","Burnley",2018,88527,145,127
139,"E07000117","Burnley",2019,88920,179,128
139,"E07000117","Burnley",2020,89344,98,129
140,"E07000118","Chorley",2015,112963,267,163
140,"E07000118","Chorley",2016,114266,267,164
140,"E07000118","Chorley",2017,115772,218,167
140,"E07000118","Chorley",2018,116821,226,168
140,"E07000118","Chorley",2019,118216,221,170
140,"E07000118","Chorley",2020,118870,189,171
141,"E07000119","Fylde",2015,77490,228,111
141,"E07000119","Fylde",2016,78153,208,112
141,"E07000119","Fylde",2017,78863,221,113
141,"E07000119","Fylde",2018,79770,184,115
141,"E07000119","Fylde",2019,80780,164,116
141,"E07000119","Fylde",2020,81211,109,117
142,"E07000120","Hyndburn",2015,80113,182,115
142,"E07000120","Hyndburn",2016,80392,170,116
142,"E07000120","Hyndburn",2017,80410,129,116
142,"E07000120","Hyndburn",2018,80815,168,116
142,"E07000120","Hyndburn",2019,81043,140,117
142,"E07000120","Hyndburn",2020,81133,148,117
143,"E07000121","Lancaster",2015,140787,358,203
143,"E07000121","Lancaster",2016,141723,327,204
143,"E07000121","Lancaster",2017,142487,293,205
143,"E07000121","Lancaster",2018,144246,299,208
143,"E07000121","Lancaster",2019,146038,238,210
143,"E07000121","Lancaster",2020,148119,152,213
144,"E07000122","Pendle",2015,89925,160,129
144,"E07000122","Pendle",2016,90515,132,130
144,"E07000122","Pendle",2017,90696,118,131
144,"E07000122","Pendle",2018,91405,179,132
144,"E07000122","Pendle",2019,92112,115,133
144,"E07000122","Pendle",2020,92145,132,133
145,"E07000123","Preston",2015,140685,331,202
145,"E07000123","Preston",2016,141023,314,203
145,"E07000123","Preston",2017,141346,303,203
145,"E07000123","Preston",2018,141818,337,204
145,"E07000123","Preston",2019,143135,316,206
145,"E07000123","Preston",2020,144147,231,207
146,"E07000124","Ribble Valley",2015,58519,103,84
146,"E07000124","Ribble Valley",2016,58864,86,85
146,"E07000124","Ribble Valley",2017,59504,93,86
146,"E07000124","Ribble Valley",2018,60057,73,86
146,"E07000124","Ribble Valley",2019,60888,99,88
146,"E07000124","Ribble Valley",2020,62026,77,89
147,"E07000125","Rossendale",2015,69418,131,100
147,"E07000125","Rossendale",2016,69787,111,100
147,"E07000125","Rossendale",2017,70365,87,101
147,"E07000125","Rossendale",2018,70895,112,102
147,"E07000125","Rossendale",2019,71482,89,103
147,"E07000125","Rossendale",2020,71432,70,103
148,"E07000126","South Ribble",2015,109685,323,158
148,"E07000126","South Ribble",2016,110136,255,158
148,"E07000126","South Ribble",2017,110400,242,159
148,"E07000126","South Ribble",2018,110527,269,159
148,"E07000126","South Ribble",2019,110788,183,159
148,"E07000126","South Ribble",2020,111086,146,160
149,"E07000127","West Lancashire",2015,112482,274,162
149,"E07000127","West Lancashire",2016,113061,269,163
149,"E07000127","West Lancashire",2017,113881,219,164
149,"E07000127","West Lancashire",2018,113949,150,164
149,"E07000127","West Lancashire",2019,114306,195,164
149,"E07000127","West Lancashire",2020,114496,149,165
150,"E07000128","Wyre",2015,109546,200,158
150,"E07000128","Wyre",2016,110002,160,158
150,"E07000128","Wyre",2017,110426,157,159
150,"E07000128","Wyre",2018,111223,171,160
150,"E07000128","Wyre",2019,112091,215,161
150,"E07000128","Wyre",2020,113067,118,163
151,"E07000129","Blaby",2015,96458,204,139
151,"E07000129","Blaby",2016,97562,216,140
151,"E07000129","Blaby",2017,98977,165,142
151,"E07000129","Blaby",2018,100421,146,144
151,"E07000129","Blaby",2019,101526,116,146
151,"E07000129","Blaby",2020,101950,96,147
152,"E07000130","Charnwood",2015,175167,238,252
152,"E07000130","Charnwood",2016,177378,251,255
152,"E07000130","Charnwood",2017,180387,137,260
152,"E07000130","Charnwood",2018,182643,162,263
152,"E07000130","Charnwood",2019,185851,158,267
152,"E07000130","Charnwood",2020,188416,138,271
153,"E07000131","Harborough",2015,89144,167,128
153,"E07000131","Harborough",2016,90251,183,130
153,"E07000131","Harborough",2017,91461,113,132
153,"E07000131","Harborough",2018,92499,85,133
153,"E07000131","Harborough",2019,93807,90,135
153,"E07000131","Harborough",2020,95537,99,137
154,"E07000132","Hinckley and Bosworth",2015,108603,165,156
154,"E07000132","Hinckley and Bosworth",2016,109881,173,158
154,"E07000132","Hinckley and Bosworth",2017,111370,106,160
154,"E07000132","Hinckley and Bosworth",2018,112423,115,162
154,"E07000132","Hinckley and Bosworth",2019,113136,113,163
154,"E07000132","Hinckley and Bosworth",2020,113666,104,164
155,"E07000133","Melton",2015,50956,108,73
155,"E07000133","Melton",2016,50967,122,73
155,"E07000133","Melton",2017,50873,60,73
155,"E07000133","Melton",2018,51100,61,74
155,"E07000133","Melton",2019,51209,54,74
155,"E07000133","Melton",2020,51394,43,74
156,"E07000134","North West Leicestershire",2015,97098,185,140
156,"E07000134","North West Leicestershire",2016,98436,185,142
156,"E07000134","North West Leicestershire",2017,100109,151,144
156,"E07000134","North West Leicestershire",2018,102126,153,147
156,"E07000134","North West Leicestershire",2019,103611,108,149
156,"E07000134","North West Leicestershire",2020,104809,77,151
157,"E07000135","Oadby and Wigston",2015,55984,35,81
157,"E07000135","Oadby and Wigston",2016,55991,43,81
157,"E07000135","Oadby and Wigston",2017,57035,43,82
157,"E07000135","Oadby and Wigston",2018,57056,61,82
157,"E07000135","Oadby and Wigston",2019,57015,41,82
157,"E07000135","Oadby and Wigston",2020,57313,8,82
158,"E07000136","Boston",2015,66876,173,96
158,"E07000136","Boston",2016,67709,149,97
158,"E07000136","Boston",2017,68488,121,99
158,"E07000136","Boston",2018,69366,177,100
158,"E07000136","Boston",2019,70173,161,101
158,"E07000136","Boston",2020,70837,81,102
159,"E07000137","East Lindsey",2015,138068,489,199
159,"E07000137","East Lindsey",2016,138743,432,200
159,"E07000137","East Lindsey",2017,139718,425,201
159,"E07000137","East Lindsey",2018,140741,370,203
159,"E07000137","East Lindsey",2019,141727,411,204
159,"E07000137","East Lindsey",2020,142030,293,204
160,"E07000138","Lincoln",2015,96641,166,139
160,"E07000138","Lincoln",2016,97385,175,140
160,"E07000138","Lincoln",2017,98438,142,142
160,"E07000138","Lincoln",2018,99039,154,143
160,"E07000138","Lincoln",2019,99299,133,143
160,"E07000138","Lincoln",2020,100049,96,144
161,"E07000139","North Kesteven",2015,112186,311,161
161,"E07000139","North Kesteven",2016,113644,253,164
161,"E07000139","North Kesteven",2017,115230,265,166
161,"E07000139","North Kesteven",2018,115985,246,167
161,"E07000139","North Kesteven",2019,116915,254,168
161,"E07000139","North Kesteven",2020,118149,216,170
162,"E07000140","South Holland",2015,91245,232,131
162,"E07000140","South Holland",2016,92527,251,133
162,"E07000140","South Holland",2017,93295,197,134
162,"E07000140","South Holland",2018,93980,195,135
162,"E07000140","South Holland",2019,95019,191,137
162,"E07000140","South Holland",2020,95857,190,138
163,"E07000141","South Kesteven",2015,139376,297,201
163,"E07000141","South Kesteven",2016,140900,268,203
163,"E07000141","South Kesteven",2017,141662,254,204
163,"E07000141","South Kesteven",2018,141853,247,204
163,"E07000141","South Kesteven",2019,142424,232,205
163,"E07000141","South Kesteven",2020,143225,150,206
164,"E07000142","West Lindsey",2015,92958,309,134
164,"E07000142","West Lindsey",2016,93903,289,135
164,"E07000142","West Lindsey",2017,94340,314,136
164,"E07000142","West Lindsey",2018,94869,314,137
164,"E07000142","West Lindsey",2019,95667,241,138
164,"E07000142","West Lindsey",2020,96186,171,138
165,"E07000143","Breckland",2015,135698,279,195
165,"E07000143","Breckland",2016,137123,233,197
165,"E07000143","Breckland",2017,138602,305,199
165,"E07000143","Breckland",2018,139329,265,200
165,"E07000143","Breckland",2019,139968,227,201
165,"E07000143","Breckland",2020,141255,188,203
166,"E07000144","Broadland",2015,126626,195,182
166,"E07000144","Broadland",2016,127402,207,183
166,"E07000144","Broadland",2017,128535,254,185
166,"E07000144","Broadland",2018,129464,246,186
166,"E07000144","Broadland",2019,130783,242,188
166,"E07000144","Broadland",2020,131931,175,190
167,"E07000145","Great Yarmouth",2015,98615,100,142
167,"E07000145","Great Yarmouth",2016,98992,153,142
167,"E07000145","Great Yarmouth",2017,99417,135,143
167,"E07000145","Great Yarmouth",2018,99370,113,143
167,"E07000145","Great Yarmouth",2019,99336,137,143
167,"E07000145","Great Yarmouth",2020,99198,124,143
168,"E07000146","King's Lynn and West Norfolk",2015,151261,283,218
168,"E07000146","King's Lynn and West Norfolk",2016,151797,300,218
168,"E07000146","King's Lynn and West Norfolk",2017,151945,277,219
168,"E07000146","King's Lynn and West Norfolk",2018,151811,300,218
168,"E07000146","King's Lynn and West Norfolk",2019,151383,278,218
168,"E07000146","King's Lynn and West Norfolk",2020,151245,214,218
169,"E07000147","North Norfolk",2015,103252,166,149
169,"E07000147","North Norfolk",2016,103587,179,149
169,"E07000147","North Norfolk",2017,104067,157,150
169,"E07000147","North Norfolk",2018,104552,151,150
169,"E07000147","North Norfolk",2019,104837,116,151
169,"E07000147","North Norfolk",2020,105167,104,151
170,"E07000148","Norwich",2015,138097,159,199
170,"E07000148","Norwich",2016,139865,160,201
170,"E07000148","Norwich",2017,140353,154,202
170,"E07000148","Norwich",2018,141137,147,203
170,"E07000148","Norwich",2019,140573,127,202
170,"E07000148","Norwich",2020,142177,86,205
171,"E07000149","South Norfolk",2015,131199,306,189
171,"E07000149","South Norfolk",2016,132965,268,191
171,"E07000149","South Norfolk",2017,135471,271,195
171,"E07000149","South Norfolk",2018,138017,303,199
171,"E07000149","South Norfolk",2019,140880,258,203
171,"E07000149","South Norfolk",2020,143066,152,206
172,"E07000163","Craven",2015,55826,122,80
172,"E07000163","Craven",2016,56343,136,81
172,"E07000163","Craven",2017,56604,134,81
172,"E07000163","Craven",2018,56832,144,82
172,"E07000163","Craven",2019,57142,67,82
172,"E07000163","Craven",2020,57338,79,83
173,"E07000164","Hambleton",2015,90074,267,130
173,"E07000164","Hambleton",2016,90591,242,130
173,"E07000164","Hambleton",2017,90718,181,131
173,"E07000164","Hambleton",2018,91134,216,131
173,"E07000164","Hambleton",2019,91594,155,132
173,"E07000164","Hambleton",2020,91932,117,132
174,"E07000165","Harrogate",2015,159916,423,230
174,"E07000165","Harrogate",2016,159768,413,230
174,"E07000165","Harrogate",2017,160044,369,230
174,"E07000165","Harrogate",2018,160533,298,231
174,"E07000165","Harrogate",2019,160831,235,231
174,"E07000165","Harrogate",2020,161545,173,232
175,"E07000166","Richmondshire",2015,52565,142,76
175,"E07000166","Richmondshire",2016,53876,130,78
175,"E07000166","Richmondshire",2017,53699,104,77
175,"E07000166","Richmondshire",2018,53244,88,77
175,"E07000166","Richmondshire",2019,53730,97,77
175,"E07000166","Richmondshire",2020,53732,81,77
176,"E07000167","Ryedale",2015,53332,135,77
176,"E07000167","Ryedale",2016,53861,237,77
176,"E07000167","Ryedale",2017,54311,151,78
176,"E07000167","Ryedale",2018,54920,137,79
176,"E07000167","Ryedale",2019,55380,117,80
176,"E07000167","Ryedale",2020,55629,82,80
177,"E07000168","Scarborough",2015,108089,211,156
177,"E07000168","Scarborough",2016,108157,151,156
177,"E07000168","Scarborough",2017,108370,169,156
177,"E07000168","Scarborough",2018,108736,105,156
177,"E07000168","Scarborough",2019,108757,113,156
177,"E07000168","Scarborough",2020,108737,84,156
178,"E07000169","Selby",2015,86215,139,124
178,"E07000169","Selby",2016,86942,154,125
178,"E07000169","Selby",2017,87887,137,126
178,"E07000169","Selby",2018,89106,95,128
178,"E07000169","Selby",2019,90620,91,130
178,"E07000169","Selby",2020,91697,86,132
179,"E07000170","Ashfield",2015,123577,190,178
179,"E07000170","Ashfield",2016,124513,195,179
179,"E07000170","Ashfield",2017,126164,176,182
179,"E07000170","Ashfield",2018,127151,201,183
179,"E07000170","Ashfield",2019,127918,172,184
179,"E07000170","Ashfield",2020,128337,134,185
180,"E07000171","Bassetlaw",2015,114689,224,165
180,"E07000171","Bassetlaw",2016,115212,199,166
180,"E07000171","Bassetlaw",2017,116304,215,167
180,"E07000171","Bassetlaw",2018,116839,198,168
180,"E07000171","Bassetlaw",2019,117459,192,169
180,"E07000171","Bassetlaw",2020,118280,145,170
181,"E07000172","Broxtowe",2015,111837,155,161
181,"E07000172","Broxtowe",2016,112116,173,161
181,"E07000172","Broxtowe",2017,112718,137,162
181,"E07000172","Broxtowe",2018,113272,130,163
181,"E07000172","Broxtowe",2019,114033,120,164
181,"E07000172","Broxtowe",2020,114627,110,165
182,"E07000173","Gedling",2015,116142,139,167
182,"E07000173","Gedling",2016,116746,172,168
182,"E07000173","Gedling",2017,117128,152,169
182,"E07000173","Gedling",2018,117786,158,169
182,"E07000173","Gedling",2019,117896,139,170
182,"E07000173","Gedling",2020,118239,83,170
183,"E07000174","Mansfield",2015,106780,199,154
183,"E07000174","Mansfield",2016,107880,176,155
183,"E07000174","Mansfield",2017,108576,154,156
183,"E07000174","Mansfield",2018,108841,162,157
183,"E07000174","Mansfield",2019,109313,151,157
183,"E07000174","Mansfield",2020,109351,97,157
184,"E07000175","Newark and Sherwood",2015,118695,268,171
184,"E07000175","Newark and Sherwood",2016,119848,261,172
184,"E07000175","Newark and Sherwood",2017,120965,263,174
184,"E07000175","Newark and Sherwood",2018,121566,243,175
184,"E07000175","Newark and Sherwood",2019,122421,217,176
184,"E07000175","Newark and Sherwood",2020,123127,135,177
185,"E07000176","Rushcliffe",2015,114497,236,165
185,"E07000176","Rushcliffe",2016,115168,223,166
185,"E07000176","Rushcliffe",2017,115996,205,167
185,"E07000176","Rushcliffe",2018,117671,168,169
185,"E07000176","Rushcliffe",2019,119184,197,171
185,"E07000176","Rushcliffe",2020,121416,111,175
186,"E07000177","Cherwell",2015,145554,412,209
186,"E07000177","Cherwell",2016,146635,378,211
186,"E07000177","Cherwell",2017,147602,343,212
186,"E07000177","Cherwell",2018,149161,255,215
186,"E07000177","Cherwell",2019,150503,227,217
186,"E07000177","Cherwell",2020,151846,159,218
187,"E07000178","Oxford",2015,154716,128,223
187,"E07000178","Oxford",2016,155292,144,223
187,"E07000178","Oxford",2017,154582,96,222
187,"E07000178","Oxford",2018,154327,89,222
187,"E07000178","Oxford",2019,152457,87,219
187,"E07000178","Oxford",2020,151584,68,218
188,"E07000179","South Oxfordshire",2015,138177,278,199
188,"E07000179","South Oxfordshire",2016,139156,269,200
188,"E07000179","South Oxfordshire",2017,139767,184,201
188,"E07000179","South Oxfordshire",2018,140504,141,202
188,"E07000179","South Oxfordshire",2019,142057,166,204
188,"E07000179","South Oxfordshire",2020,143782,106,207
189,"E07000180","Vale of White Horse",2015,126534,215,182
189,"E07000180","Vale of White Horse",2016,128653,238,185
189,"E07000180","Vale of White Horse",2017,131227,206,189
189,"E07000180","Vale of White Horse",2018,133732,186,192
189,"E07000180","Vale of White Horse",2019,136007,157,196
189,"E07000180","Vale of White Horse",2020,137910,143,198
190,"E07000181","West Oxfordshire",2015,108609,212,156
190,"E07000181","West Oxfordshire",2016,108748,204,156
190,"E07000181","West Oxfordshire",2017,109266,155,157
190,"E07000181","West Oxfordshire",2018,109800,155,158
190,"E07000181","West Oxfordshire",2019,110643,99,159
190,"E07000181","West Oxfordshire",2020,111758,103,161
191,"E07000187","Mendip",2015,112056,196,161
191,"E07000187","Mendip",2016,113131,226,163
191,"E07000187","Mendip",2017,113513,215,163
191,"E07000187","Mendip",2018,114881,224,165
191,"E07000187","Mendip",2019,115587,220,166
191,"E07000187","Mendip",2020,116288,154,167
192,"E07000188","Sedgemoor",2015,120141,214,173
192,"E07000188","Sedgemoor",2016,121345,256,175
192,"E07000188","Sedgemoor",2017,122178,203,176
192,"E07000188","Sedgemoor",2018,122791,206,177
192,"E07000188","Sedgemoor",2019,123178,210,177
192,"E07000188","Sedgemoor",2020,123446,144,178
193,"E07000189","South Somerset",2015,165510,351,238
193,"E07000189","South Somerset",2016,166526,329,240
193,"E07000189","South Somerset",2017,167216,286,241
193,"E07000189","South Somerset",2018,167861,290,242
193,"E07000189","South Somerset",2019,168345,289,242
193,"E07000189","South Somerset",2020,168696,169,243
194,"E07000192","Cannock Chase",2015,98490,182,142
194,"E07000192","Cannock Chase",2016,98513,148,142
194,"E07000192","Cannock Chase",2017,99126,120,143
194,"E07000192","Cannock Chase",2018,100109,119,144
194,"E07000192","Cannock Chase",2019,100762,87,145
194,"E07000192","Cannock Chase",2020,101484,60,146
195,"E07000193","East Staffordshire",2015,116196,322,167
195,"E07000193","East Staffordshire",2016,116937,303,168
195,"E07000193","East Staffordshire",2017,117552,172,169
195,"E07000193","East Staffordshire",2018,118574,108,171
195,"E07000193","East Staffordshire",2019,119754,129,172
195,"E07000193","East Staffordshire",2020,120923,63,174
196,"E07000194","Lichfield",2015,102566,226,148
196,"E07000194","Lichfield",2016,102831,210,148
196,"E07000194","Lichfield",2017,103507,142,149
196,"E07000194","Lichfield",2018,103965,146,150
196,"E07000194","Lichfield",2019,104756,86,151
196,"E07000194","Lichfield",2020,105637,76,152
197,"E07000195","Newcastle-under-Lyme",2015,126863,254,183
197,"E07000195","Newcastle-under-Lyme",2016,128126,257,184
197,"E07000195","Newcastle-under-Lyme",2017,128963,177,186
197,"E07000195","Newcastle-under-Lyme",2018,129490,147,186
197,"E07000195","Newcastle-under-Lyme",2019,129441,114,186
197,"E07000195","Newcastle-under-Lyme",2020,129610,74,186
198,"E07000196","South Staffordshire",2015,110712,317,159
198,"E07000196","South Staffordshire",2016,111173,257,160
198,"E07000196","South Staffordshire",2017,111890,237,161
198,"E07000196","South Staffordshire",2018,112126,149,161
198,"E07000196","South Staffordshire",2019,112436,157,162
198,"E07000196","South Staffordshire",2020,112369,75,162
199,"E07000197","Stafford",2015,132220,317,190
199,"E07000197","Stafford",2016,133664,373,192
199,"E07000197","Stafford",2017,134764,173,194
199,"E07000197","Stafford",2018,135880,174,196
199,"E07000197","Stafford",2019,137280,149,198
199,"E07000197","Stafford",2020,137858,65,198
200,"E07000198","Staffordshire Moorlands",2015,98011,228,141
200,"E07000198","Staffordshire Moorlands",2016,98176,184,141
200,"E07000198","Staffordshire Moorlands",2017,98496,152,142
200,"E07000198","Staffordshire Moorlands",2018,98397,106,142
200,"E07000198","Staffordshire Moorlands",2019,98435,93,142
200,"E07000198","Staffordshire Moorlands",2020,98427,72,142
201,"E07000199","Tamworth",2015,77108,87,111
201,"E07000199","Tamworth",2016,77010,99,111
201,"E07000199","Tamworth",2017,76527,73,110
201,"E07000199","Tamworth",2018,76678,42,110
201,"E07000199","Tamworth",2019,76696,35,110
201,"E07000199","Tamworth",2020,76864,22,111
202,"E07000200","Babergh",2015,89900,233,129
202,"E07000200","Babergh",2016,90250,206,130
202,"E07000200","Babergh",2017,90794,211,131
202,"E07000200","Babergh",2018,91401,204,132
202,"E07000200","Babergh",2019,92036,212,132
202,"E07000200","Babergh",2020,92735,144,133
203,"E07000202","Ipswich",2015,137694,148,198
203,"E07000202","Ipswich",2016,138515,209,199
203,"E07000202","Ipswich",2017,138480,210,199
203,"E07000202","Ipswich",2018,137532,206,198
203,"E07000202","Ipswich",2019,136913,166,197
203,"E07000202","Ipswich",2020,135979,124,196
204,"E07000203","Mid Suffolk",2015,100251,202,144
204,"E07000203","Mid Suffolk",2016,100720,207,145
204,"E07000203","Mid Suffolk",2017,101543,250,146
204,"E07000203","Mid Suffolk",2018,102493,200,147
204,"E07000203","Mid Suffolk",2019,103895,212,149
204,"E07000203","Mid Suffolk",2020,104857,105,151
205,"E07000207","Elmbridge",2015,135398,279,195
205,"E07000207","Elmbridge",2016,136085,256,196
205,"E07000207","Elmbridge",2017,136379,280,196
205,"E07000207","Elmbridge",2018,136626,238,197
205,"E07000207","Elmbridge",2019,136795,195,197
205,"E07000207","Elmbridge",2020,137215,147,197
206,"E07000208","Epsom and Ewell",2015,78459,102,113
206,"E07000208","Epsom and Ewell",2016,78999,75,114
206,"E07000208","Epsom and Ewell",2017,79451,107,114
206,"E07000208","Epsom and Ewell",2018,79928,100,115
206,"E07000208","Epsom and Ewell",2019,80627,103,116
206,"E07000208","Epsom and Ewell",2020,81003,69,117
207,"E07000209","Guildford",2015,145056,450,209
207,"E07000209","Guildford",2016,146845,479,211
207,"E07000209","Guildford",2017,147777,414,213
207,"E07000209","Guildford",2018,147889,409,213
207,"E07000209","Guildford",2019,148998,385,214
207,"E07000209","Guildford",2020,150352,243,216
208,"E07000210","Mole Valley",2015,86978,204,125
208,"E07000210","Mole Valley",2016,87258,260,126
208,"E07000210","Mole Valley",2017,87128,227,125
208,"E07000210","Mole Valley",2018,87253,196,126
208,"E07000210","Mole Valley",2019,87245,211,126
208,"E07000210","Mole Valley",2020,87547,152,126
209,"E07000211","Reigate and Banstead",2015,143794,397,207
209,"E07000211","Reigate and Banstead",2016,145284,437,209
209,"E07000211","Reigate and Banstead",2017,146383,401,211
209,"E07000211","Reigate and Banstead",2018,147757,325,213
209,"E07000211","Reigate and Banstead",2019,148748,327,214
209,"E07000211","Reigate and Banstead",2020,149243,185,215
210,"E07000212","Runnymede",2015,84992,365,122
210,"E07000212","Runnymede",2016,86370,338,124
210,"E07000212","Runnymede",2017,86882,322,125
210,"E07000212","Runnymede",2018,88000,297,127
210,"E07000212","Runnymede",2019,89424,289,129
210,"E07000212","Runnymede",2020,90327,149,130
211,"E07000213","Spelthorne",2015,98419,233,142
211,"E07000213","Spelthorne",2016,98869,223,142
211,"E07000213","Spelthorne",2017,99120,229,143
211,"E07000213","Spelthorne",2018,99334,151,143
211,"E07000213","Spelthorne",2019,99844,191,144
211,"E07000213","Spelthorne",2020,99873,135,144
212,"E07000214","Surrey Heath",2015,88385,229,127
212,"E07000214","Surrey Heath",2016,88705,221,128
212,"E07000214","Surrey Heath",2017,88765,231,128
212,"E07000214","Surrey Heath",2018,88874,205,128
212,"E07000214","Surrey Heath",2019,89305,174,128
212,"E07000214","Surrey Heath",2020,89204,162,128
213,"E07000215","Tandridge",2015,85914,411,124
213,"E07000215","Tandridge",2016,86527,434,125
213,"E07000215","Tandridge",2017,87297,400,126
213,"E07000215","Tandridge",2018,87496,370,126
213,"E07000215","Tandridge",2019,88129,348,127
213,"E07000215","Tandridge",2020,88542,187,127
214,"E07000216","Waverley",2015,124011,252,178
214,"E07000216","Waverley",2016,124593,274,179
214,"E07000216","Waverley",2017,125010,251,180
214,"E07000216","Waverley",2018,125610,198,181
214,"E07000216","Waverley",2019,126328,200,182
214,"E07000216","Waverley",2020,126556,122,182
215,"E07000217","Woking",2015,100976,187,145
215,"E07000217","Woking",2016,101421,181,146
215,"E07000217","Woking",2017,101129,210,146
215,"E07000217","Woking",2018,101167,162,146
215,"E07000217","Woking",2019,100793,127,145
215,"E07000217","Woking",2020,100008,115,144
216,"E07000218","North Warwickshire",2015,62765,352,90
216,"E07000218","North Warwickshire",2016,63193,316,91
216,"E07000218","North Warwickshire",2017,64069,332,92
216,"E07000218","North Warwickshire",2018,64850,270,93
216,"E07000218","North Warwickshire",2019,65264,203,94
216,"E07000218","North Warwickshire",2020,65452,183,94
217,"E07000219","Nuneaton and Bedworth",2015,126603,176,182
217,"E07000219","Nuneaton and Bedworth",2016,127674,209,184
217,"E07000219","Nuneaton and Bedworth",2017,128659,175,185
217,"E07000219","Nuneaton and Bedworth",2018,128902,127,185
217,"E07000219","Nuneaton and Bedworth",2019,129883,145,187
217,"E07000219","Nuneaton and Bedworth",2020,130373,120,188
218,"E07000220","Rugby",2015,104455,303,150
218,"E07000220","Rugby",2016,105291,278,152
218,"E07000220","Rugby",2017,106350,243,153
218,"E07000220","Rugby",2018,107194,194,154
218,"E07000220","Rugby",2019,108935,187,157
218,"E07000220","Rugby",2020,110650,121,159
219,"E07000221","Stratford-on-Avon",2015,122438,313,176
219,"E07000221","Stratford-on-Avon",2016,123345,322,177
219,"E07000221","Stratford-on-Avon",2017,125202,265,180
219,"E07000221","Stratford-on-Avon",2018,127580,292,184
219,"E07000221","Stratford-on-Avon",2019,130098,215,187
219,"E07000221","Stratford-on-Avon",2020,132402,152,191
220,"E07000222","Warwick",2015,138893,271,200
220,"E07000222","Warwick",2016,139488,251,201
220,"E07000222","Warwick",2017,140282,291,202
220,"E07000222","Warwick",2018,142484,225,205
220,"E07000222","Warwick",2019,143753,235,207
220,"E07000222","Warwick",2020,144909,125,209
221,"E07000223","Adur",2015,63526,119,91
221,"E07000223","Adur",2016,63621,96,92
221,"E07000223","Adur",2017,63721,91,92
221,"E07000223","Adur",2018,63869,110,92
221,"E07000223","Adur",2019,64301,93,93
221,"E07000223","Adur",2020,64187,75,92
222,"E07000224","Arun",2015,155798,229,224
222,"E07000224","Arun",2016,157287,250,226
222,"E07000224","Arun",2017,158657,210,228
222,"E07000224","Arun",2018,159827,227,230
222,"E07000224","Arun",2019,160758,265,231
222,"E07000224","Arun",2020,161123,200,232
223,"E07000225","Chichester",2015,117784,323,169
223,"E07000225","Chichester",2016,119125,296,171
223,"E07000225","Chichester",2017,120192,281,173
223,"E07000225","Chichester",2018,120750,306,174
223,"E07000225","Chichester",2019,121129,319,174
223,"E07000225","Chichester",2020,121508,232,175
224,"E07000226","Crawley",2015,110887,282,160
224,"E07000226","Crawley",2016,111546,232,161
224,"E07000226","Crawley",2017,111664,242,161
224,"E07000226","Crawley",2018,112448,217,162
224,"E07000226","Crawley",2019,112409,262,162
224,"E07000226","Crawley",2020,112474,139,162
225,"E07000227","Horsham",2015,136258,299,196
225,"E07000227","Horsham",2016,138523,300,199
225,"E07000227","Horsham",2017,140142,285,202
225,"E07000227","Horsham",2018,142217,261,205
225,"E07000227","Horsham",2019,143791,316,207
225,"E07000227","Horsham",2020,145474,220,209
226,"E07000228","Mid Sussex",2015,145969,323,210
226,"E07000228","Mid Sussex",2016,147540,325,212
226,"E07000228","Mid Sussex",2017,148345,313,213
226,"E07000228","Mid Sussex",2018,149716,278,215
226,"E07000228","Mid Sussex",2019,151022,303,217
226,"E07000228","Mid Sussex",2020,152142,207,219
227,"E07000229","Worthing",2015,108303,154,156
227,"E07000229","Worthing",2016,109246,121,157
227,"E07000229","Worthing",2017,109632,149,158
227,"E07000229","Worthing",2018,110025,149,158
227,"E07000229","Worthing",2019,110570,163,159
227,"E07000229","Worthing",2020,110727,109,159
228,"E07000234","Bromsgrove",2015,95800,178,138
228,"E07000234","Bromsgrove",2016,96770,214,139
228,"E07000234","Bromsgrove",2017,97594,156,140
228,"E07000234","Bromsgrove",2018,98662,157,142
228,"E07000234","Bromsgrove",2019,99881,140,144
228,"E07000234","Bromsgrove",2020,100569,131,145
229,"E07000235","Malvern Hills",2015,76136,149,110
229,"E07000235","Malvern Hills",2016,76555,127,110
229,"E07000235","Malvern Hills",2017,77165,116,111
229,"E07000235","Malvern Hills",2018,78113,108,112
229,"E07000235","Malvern Hills",2019,78698,102,113
229,"E07000235","Malvern Hills",2020,79445,67,114
230,"E07000236","Redditch",2015,84821,93,122
230,"E07000236","Redditch",2016,85088,80,122
230,"E07000236","Redditch",2017,85204,90,123
230,"E07000236","Redditch",2018,84989,62,122
230,"E07000236","Redditch",2019,85261,106,123
230,"E07000236","Redditch",2020,85568,73,123
231,"E07000237","Worcester",2015,100985,94,145
231,"E07000237","Worcester",2016,101927,104,147
231,"E07000237","Worcester",2017,102314,66,147
231,"E07000237","Worcester",2018,101891,59,147
231,"E07000237","Worcester",2019,101222,81,146
231,"E07000237","Worcester",2020,100265,40,144
232,"E07000238","Wychavon",2015,121709,268,175
232,"E07000238","Wychavon",2016,123144,238,177
232,"E07000238","Wychavon",2017,125378,264,180
232,"E07000238","Wychavon",2018,127340,168,183
232,"E07000238","Wychavon",2019,129433,194,186
232,"E07000238","Wychavon",2020,131084,159,189
233,"E07000239","Wyre Forest",2015,99599,163,143
233,"E07000239","Wyre Forest",2016,100007,139,144
233,"E07000239","Wyre Forest",2017,100715,111,145
233,"E07000239","Wyre Forest",2018,101062,124,145
233,"E07000239","Wyre Forest",2019,101291,103,146
233,"E07000239","Wyre Forest",2020,101139,96,146
234,"E07000240","St Albans",2015,146188,301,210
234,"E07000240","St Albans",2016,147025,349,212
234,"E07000240","St Albans",2017,147095,266,212
234,"E07000240","St Albans",2018,147373,278,212
234,"E07000240","St Albans",2019,148452,305,214
234,"E07000240","St Albans",2020,149317,188,215
235,"E07000241","Welwyn Hatfield",2015,117784,236,169
235,"E07000241","Welwyn Hatfield",2016,121007,283,174
235,"E07000241","Welwyn Hatfield",2017,122274,243,176
235,"E07000241","Welwyn Hatfield",2018,122746,232,177
235,"E07000241","Welwyn Hatfield",2019,123043,230,177
235,"E07000241","Welwyn Hatfield",2020,123893,134,178
236,"E07000242","East Hertfordshire",2015,144488,226,208
236,"E07000242","East Hertfordshire",2016,146130,277,210
236,"E07000242","East Hertfordshire",2017,147080,223,212
236,"E07000242","East Hertfordshire",2018,148105,241,213
236,"E07000242","East Hertfordshire",2019,149748,230,215
236,"E07000242","East Hertfordshire",2020,151786,138,218
237,"E07000243","Stevenage",2015,86579,172,125
237,"E07000243","Stevenage",2016,87285,140,126
237,"E07000243","Stevenage",2017,87739,121,126
237,"E07000243","Stevenage",2018,87754,108,126
237,"E07000243","Stevenage",2019,87845,110,126
237,"E07000243","Stevenage",2020,88104,75,127
238,"E07000244","East Suffolk",2015,NA,NA,NA
238,"E07000244","East Suffolk",2016,NA,NA,NA
238,"E07000244","East Suffolk",2017,NA,NA,NA
238,"E07000244","East Suffolk",2018,NA,NA,NA
238,"E07000244","East Suffolk",2019,NA,NA,NA
238,"E07000244","East Suffolk",2020,NA,NA,NA
239,"E07000245","West Suffolk",2015,NA,NA,NA
239,"E07000245","West Suffolk",2016,NA,NA,NA
239,"E07000245","West Suffolk",2017,NA,NA,NA
239,"E07000245","West Suffolk",2018,NA,NA,NA
239,"E07000245","West Suffolk",2019,NA,NA,NA
239,"E07000245","West Suffolk",2020,NA,NA,NA
240,"E07000246","Somerset West and Taunton",2015,NA,NA,NA
240,"E07000246","Somerset West and Taunton",2016,NA,NA,NA
240,"E07000246","Somerset West and Taunton",2017,NA,NA,NA
240,"E07000246","Somerset West and Taunton",2018,NA,NA,NA
240,"E07000246","Somerset West and Taunton",2019,NA,NA,NA
240,"E07000246","Somerset West and Taunton",2020,NA,NA,NA
241,"E08000001","Bolton",2015,281828,307,406
241,"E08000001","Bolton",2016,283536,266,408
241,"E08000001","Bolton",2017,284813,381,410
241,"E08000001","Bolton",2018,285372,313,411
241,"E08000001","Bolton",2019,287550,310,414
241,"E08000001","Bolton",2020,288248,263,415
242,"E08000002","Bury",2015,187788,165,270
242,"E08000002","Bury",2016,188503,134,271
242,"E08000002","Bury",2017,189628,215,273
242,"E08000002","Bury",2018,190108,182,274
242,"E08000002","Bury",2019,190990,223,275
242,"E08000002","Bury",2020,190708,140,274
243,"E08000003","Manchester",2015,529809,496,762
243,"E08000003","Manchester",2016,541319,421,779
243,"E08000003","Manchester",2017,545501,702,785
243,"E08000003","Manchester",2018,547627,706,788
243,"E08000003","Manchester",2019,552858,685,795
243,"E08000003","Manchester",2020,555741,431,800
244,"E08000004","Oldham",2015,230197,221,331
244,"E08000004","Oldham",2016,232349,204,334
244,"E08000004","Oldham",2017,233759,302,336
244,"E08000004","Oldham",2018,235623,270,339
244,"E08000004","Oldham",2019,237110,286,341
244,"E08000004","Oldham",2020,237628,186,342
245,"E08000005","Rochdale",2015,214314,246,308
245,"E08000005","Rochdale",2016,216350,225,311
245,"E08000005","Rochdale",2017,218459,257,314
245,"E08000005","Rochdale",2018,220001,190,317
245,"E08000005","Rochdale",2019,222412,281,320
245,"E08000005","Rochdale",2020,223659,142,322
246,"E08000006","Salford",2015,245186,245,353
246,"E08000006","Salford",2016,248121,209,357
246,"E08000006","Salford",2017,251332,270,362
246,"E08000006","Salford",2018,254408,298,366
246,"E08000006","Salford",2019,258834,319,372
246,"E08000006","Salford",2020,262697,187,378
247,"E08000007","Stockport",2015,288169,151,415
247,"E08000007","Stockport",2016,289821,172,417
247,"E08000007","Stockport",2017,291045,192,419
247,"E08000007","Stockport",2018,291775,188,420
247,"E08000007","Stockport",2019,293423,229,422
247,"E08000007","Stockport",2020,294197,167,423
248,"E08000008","Tameside",2015,221507,197,319
248,"E08000008","Tameside",2016,223109,178,321
248,"E08000008","Tameside",2017,224119,252,322
248,"E08000008","Tameside",2018,225197,228,324
248,"E08000008","Tameside",2019,226493,196,326
248,"E08000008","Tameside",2020,227117,129,327
249,"E08000009","Trafford",2015,232975,230,335
249,"E08000009","Trafford",2016,234210,163,337
249,"E08000009","Trafford",2017,235493,230,339
249,"E08000009","Trafford",2018,236370,174,340
249,"E08000009","Trafford",2019,237354,211,342
249,"E08000009","Trafford",2020,237579,107,342
250,"E08000010","Wigan",2015,322244,204,464
250,"E08000010","Wigan",2016,323526,153,466
250,"E08000010","Wigan",2017,324650,234,467
250,"E08000010","Wigan",2018,326088,201,469
250,"E08000010","Wigan",2019,328662,229,473
250,"E08000010","Wigan",2020,330712,178,476
251,"E08000011","Knowsley",2015,147262,252,212
251,"E08000011","Knowsley",2016,148001,231,213
251,"E08000011","Knowsley",2017,148560,163,214
251,"E08000011","Knowsley",2018,149571,214,215
251,"E08000011","Knowsley",2019,150862,163,217
251,"E08000011","Knowsley",2020,152452,107,219
252,"E08000012","Liverpool",2015,480873,799,692
252,"E08000012","Liverpool",2016,487605,745,702
252,"E08000012","Liverpool",2017,491549,540,707
252,"E08000012","Liverpool",2018,494814,509,712
252,"E08000012","Liverpool",2019,498042,503,717
252,"E08000012","Liverpool",2020,500474,388,720
253,"E08000013","St. Helens",2015,177592,271,256
253,"E08000013","St. Helens",2016,178480,226,257
253,"E08000013","St. Helens",2017,179331,159,258
253,"E08000013","St. Helens",2018,180049,186,259
253,"E08000013","St. Helens",2019,180585,136,260
253,"E08000013","St. Helens",2020,181095,109,261
254,"E08000014","Sefton",2015,274089,376,394
254,"E08000014","Sefton",2016,274853,382,395
254,"E08000014","Sefton",2017,274589,275,395
254,"E08000014","Sefton",2018,275396,371,396
254,"E08000014","Sefton",2019,276410,273,398
254,"E08000014","Sefton",2020,275899,191,397
255,"E08000015","Wirral",2015,321700,391,463
255,"E08000015","Wirral",2016,322216,376,464
255,"E08000015","Wirral",2017,322796,331,464
255,"E08000015","Wirral",2018,323235,284,465
255,"E08000015","Wirral",2019,324011,344,466
255,"E08000015","Wirral",2020,324336,258,467
256,"E08000016","Barnsley",2015,239855,511,345
256,"E08000016","Barnsley",2016,241847,509,348
256,"E08000016","Barnsley",2017,243341,477,350
256,"E08000016","Barnsley",2018,245199,377,353
256,"E08000016","Barnsley",2019,246866,359,355
256,"E08000016","Barnsley",2020,248071,274,357
257,"E08000017","Doncaster",2015,305496,866,440
257,"E08000017","Doncaster",2016,307374,862,442
257,"E08000017","Doncaster",2017,308940,630,445
257,"E08000017","Doncaster",2018,310542,509,447
257,"E08000017","Doncaster",2019,311890,601,449
257,"E08000017","Doncaster",2020,312785,484,450
258,"E08000018","Rotherham",2015,260929,610,375
258,"E08000018","Rotherham",2016,262142,549,377
258,"E08000018","Rotherham",2017,263375,479,379
258,"E08000018","Rotherham",2018,264671,429,381
258,"E08000018","Rotherham",2019,265411,397,382
258,"E08000018","Rotherham",2020,264984,307,381
259,"E08000019","Sheffield",2015,569177,921,819
259,"E08000019","Sheffield",2016,574050,897,826
259,"E08000019","Sheffield",2017,577789,724,831
259,"E08000019","Sheffield",2018,582506,684,838
259,"E08000019","Sheffield",2019,584853,641,842
259,"E08000019","Sheffield",2020,589214,571,848
260,"E08000021","Newcastle upon Tyne",2015,290764,590,418
260,"E08000021","Newcastle upon Tyne",2016,293713,435,423
260,"E08000021","Newcastle upon Tyne",2017,295842,324,426
260,"E08000021","Newcastle upon Tyne",2018,300196,337,432
260,"E08000021","Newcastle upon Tyne",2019,302820,292,436
260,"E08000021","Newcastle upon Tyne",2020,306824,173,441
261,"E08000022","North Tyneside",2015,202725,356,292
261,"E08000022","North Tyneside",2016,203575,274,293
261,"E08000022","North Tyneside",2017,204473,193,294
261,"E08000022","North Tyneside",2018,205985,126,296
261,"E08000022","North Tyneside",2019,207913,167,299
261,"E08000022","North Tyneside",2020,208871,141,301
262,"E08000023","South Tyneside",2015,148495,180,214
262,"E08000023","South Tyneside",2016,149194,160,215
262,"E08000023","South Tyneside",2017,149555,151,215
262,"E08000023","South Tyneside",2018,150265,108,216
262,"E08000023","South Tyneside",2019,150976,114,217
262,"E08000023","South Tyneside",2020,151133,99,217
263,"E08000024","Sunderland",2015,276813,502,398
263,"E08000024","Sunderland",2016,277307,411,399
263,"E08000024","Sunderland",2017,277249,289,399
263,"E08000024","Sunderland",2018,277417,328,399
263,"E08000024","Sunderland",2019,277705,309,400
263,"E08000024","Sunderland",2020,277846,212,400
264,"E08000025","Birmingham",2015,1112950,2553,1601
264,"E08000025","Birmingham",2016,1128077,2268,1623
264,"E08000025","Birmingham",2017,1137123,2289,1636
264,"E08000025","Birmingham",2018,1141374,2183,1642
264,"E08000025","Birmingham",2019,1141816,2142,1643
264,"E08000025","Birmingham",2020,1140525,1436,1641
265,"E08000026","Coventry",2015,344288,534,495
265,"E08000026","Coventry",2016,353215,461,508
265,"E08000026","Coventry",2017,360149,450,518
265,"E08000026","Coventry",2018,366785,425,528
265,"E08000026","Coventry",2019,371521,423,535
265,"E08000026","Coventry",2020,379387,301,546
266,"E08000027","Dudley",2015,316331,336,455
266,"E08000027","Dudley",2016,317558,422,457
266,"E08000027","Dudley",2017,319419,315,460
266,"E08000027","Dudley",2018,320626,318,461
266,"E08000027","Dudley",2019,321596,312,463
266,"E08000027","Dudley",2020,322363,233,464
267,"E08000028","Sandwell",2015,319101,526,459
267,"E08000028","Sandwell",2016,322631,543,464
267,"E08000028","Sandwell",2017,325460,573,468
267,"E08000028","Sandwell",2018,327378,517,471
267,"E08000028","Sandwell",2019,328450,458,473
267,"E08000028","Sandwell",2020,329042,389,473
268,"E08000029","Solihull",2015,210834,257,303
268,"E08000029","Solihull",2016,212166,267,305
268,"E08000029","Solihull",2017,213933,220,308
268,"E08000029","Solihull",2018,214909,225,309
268,"E08000029","Solihull",2019,216374,220,311
268,"E08000029","Solihull",2020,217487,164,313
269,"E08000030","Walsall",2015,275880,425,397
269,"E08000030","Walsall",2016,278887,462,401
269,"E08000030","Walsall",2017,281293,438,405
269,"E08000030","Walsall",2018,283378,455,408
269,"E08000030","Walsall",2019,285478,412,411
269,"E08000030","Walsall",2020,286716,315,413
270,"E08000031","Wolverhampton",2015,255106,406,367
270,"E08000031","Wolverhampton",2016,258017,411,371
270,"E08000031","Wolverhampton",2017,259926,400,374
270,"E08000031","Wolverhampton",2018,262008,389,377
270,"E08000031","Wolverhampton",2019,263357,393,379
270,"E08000031","Wolverhampton",2020,264407,292,380
271,"E08000032","Bradford",2015,529879,966,762
271,"E08000032","Bradford",2016,532539,1007,766
271,"E08000032","Bradford",2017,534800,819,770
271,"E08000032","Bradford",2018,537173,773,773
271,"E08000032","Bradford",2019,539776,670,777
271,"E08000032","Bradford",2020,542128,529,780
272,"E08000033","Calderdale",2015,207832,323,299
272,"E08000033","Calderdale",2016,209069,317,301
272,"E08000033","Calderdale",2017,209454,269,301
272,"E08000033","Calderdale",2018,210082,235,302
272,"E08000033","Calderdale",2019,211455,216,304
272,"E08000033","Calderdale",2020,211439,165,304
273,"E08000034","Kirklees",2015,432855,785,623
273,"E08000034","Kirklees",2016,435236,675,626
273,"E08000034","Kirklees",2017,437145,591,629
273,"E08000034","Kirklees",2018,438727,537,631
273,"E08000034","Kirklees",2019,439787,425,633
273,"E08000034","Kirklees",2020,441290,375,635
274,"E08000035","Leeds",2015,773213,1431,1113
274,"E08000035","Leeds",2016,781087,1373,1124
274,"E08000035","Leeds",2017,784846,1192,1129
274,"E08000035","Leeds",2018,789194,1012,1136
274,"E08000035","Leeds",2019,793139,1044,1141
274,"E08000035","Leeds",2020,798786,654,1149
275,"E08000036","Wakefield",2015,334017,609,481
275,"E08000036","Wakefield",2016,337094,586,485
275,"E08000036","Wakefield",2017,340790,499,490
275,"E08000036","Wakefield",2018,345038,496,496
275,"E08000036","Wakefield",2019,348312,359,501
275,"E08000036","Wakefield",2020,351592,275,506
276,"E08000037","Gateshead",2015,201724,0,290
276,"E08000037","Gateshead",2016,202628,0,292
276,"E08000037","Gateshead",2017,202419,0,291
276,"E08000037","Gateshead",2018,202508,0,291
276,"E08000037","Gateshead",2019,202055,0,291
276,"E08000037","Gateshead",2020,201950,0,291
277,"E09000001","City of London",2015,6687,29,10
277,"E09000001","City of London",2016,7246,27,10
277,"E09000001","City of London",2017,7654,18,11
277,"E09000001","City of London",2018,8706,12,13
277,"E09000001","City of London",2019,9721,15,14
277,"E09000001","City of London",2020,10938,6,16
278,"E09000002","Barking and Dagenham",2015,203101,347,292
278,"E09000002","Barking and Dagenham",2016,208182,395,300
278,"E09000002","Barking and Dagenham",2017,210711,448,303
278,"E09000002","Barking and Dagenham",2018,211998,456,305
278,"E09000002","Barking and Dagenham",2019,212906,411,306
278,"E09000002","Barking and Dagenham",2020,214107,318,308
279,"E09000003","Barnet",2015,378778,710,545
279,"E09000003","Barnet",2016,384774,702,554
279,"E09000003","Barnet",2017,387803,681,558
279,"E09000003","Barnet",2018,392140,577,564
279,"E09000003","Barnet",2019,395869,529,570
279,"E09000003","Barnet",2020,399007,400,574
280,"E09000004","Bexley",2015,242387,307,349
280,"E09000004","Bexley",2016,245095,300,353
280,"E09000004","Bexley",2017,246124,315,354
280,"E09000004","Bexley",2018,247258,337,356
280,"E09000004","Bexley",2019,248287,337,357
280,"E09000004","Bexley",2020,249301,280,359
281,"E09000005","Brent",2015,323443,439,465
281,"E09000005","Brent",2016,326427,469,470
281,"E09000005","Brent",2017,329102,444,474
281,"E09000005","Brent",2018,330795,407,476
281,"E09000005","Brent",2019,329771,364,475
281,"E09000005","Brent",2020,327753,295,472
282,"E09000006","Bromley",2015,325303,470,468
282,"E09000006","Bromley",2016,327580,499,471
282,"E09000006","Bromley",2017,329391,507,474
282,"E09000006","Bromley",2018,331096,429,476
282,"E09000006","Bromley",2019,332336,438,478
282,"E09000006","Bromley",2020,332752,301,479
283,"E09000007","Camden",2015,243837,200,351
283,"E09000007","Camden",2016,249162,160,359
283,"E09000007","Camden",2017,253361,186,365
283,"E09000007","Camden",2018,262226,183,377
283,"E09000007","Camden",2019,270029,153,389
283,"E09000007","Camden",2020,279516,90,402
284,"E09000008","Croydon",2015,380070,448,547
284,"E09000008","Croydon",2016,383301,494,552
284,"E09000008","Croydon",2017,384837,530,554
284,"E09000008","Croydon",2018,385346,451,554
284,"E09000008","Croydon",2019,386710,459,556
284,"E09000008","Croydon",2020,388563,438,559
285,"E09000009","Ealing",2015,344285,481,495
285,"E09000009","Ealing",2016,344802,570,496
285,"E09000009","Ealing",2017,342736,517,493
285,"E09000009","Ealing",2018,341982,491,492
285,"E09000009","Ealing",2019,341806,481,492
285,"E09000009","Ealing",2020,340341,400,490
286,"E09000010","Enfield",2015,328738,610,473
286,"E09000010","Enfield",2016,332127,535,478
286,"E09000010","Enfield",2017,332705,641,479
286,"E09000010","Enfield",2018,333869,594,480
286,"E09000010","Enfield",2019,333794,611,480
286,"E09000010","Enfield",2020,333587,521,480
287,"E09000011","Greenwich",2015,274542,358,395
287,"E09000011","Greenwich",2016,279139,397,402
287,"E09000011","Greenwich",2017,282849,451,407
287,"E09000011","Greenwich",2018,286186,393,412
287,"E09000011","Greenwich",2019,287942,411,414
287,"E09000011","Greenwich",2020,289034,309,416
288,"E09000012","Hackney",2015,268626,245,387
288,"E09000012","Hackney",2016,273239,232,393
288,"E09000012","Hackney",2017,275929,236,397
288,"E09000012","Hackney",2018,279665,211,402
288,"E09000012","Hackney",2019,281120,232,404
288,"E09000012","Hackney",2020,280941,178,404
289,"E09000013","Hammersmith and Fulham",2015,182183,139,262
289,"E09000013","Hammersmith and Fulham",2016,181783,131,262
289,"E09000013","Hammersmith and Fulham",2017,182998,156,263
289,"E09000013","Hammersmith and Fulham",2018,185426,145,267
289,"E09000013","Hammersmith and Fulham",2019,185143,143,266
289,"E09000013","Hammersmith and Fulham",2020,183544,87,264
290,"E09000014","Haringey",2015,268251,407,386
290,"E09000014","Haringey",2016,272078,395,391
290,"E09000014","Haringey",2017,271224,487,390
290,"E09000014","Haringey",2018,270624,396,389
290,"E09000014","Haringey",2019,268647,361,387
290,"E09000014","Haringey",2020,266357,231,383
291,"E09000015","Harrow",2015,246818,316,355
291,"E09000015","Harrow",2016,248697,258,358
291,"E09000015","Harrow",2017,248880,250,358
291,"E09000015","Harrow",2018,250149,236,360
291,"E09000015","Harrow",2019,251160,235,361
291,"E09000015","Harrow",2020,252338,194,363
292,"E09000016","Havering",2015,249375,553,359
292,"E09000016","Havering",2016,253371,514,365
292,"E09000016","Havering",2017,256039,471,368
292,"E09000016","Havering",2018,257810,470,371
292,"E09000016","Havering",2019,259552,453,373
292,"E09000016","Havering",2020,260651,347,375
293,"E09000017","Hillingdon",2015,296056,562,426
293,"E09000017","Hillingdon",2016,299899,433,432
293,"E09000017","Hillingdon",2017,302343,579,435
293,"E09000017","Hillingdon",2018,304824,538,439
293,"E09000017","Hillingdon",2019,306870,475,442
293,"E09000017","Hillingdon",2020,309014,357,445
294,"E09000018","Hounslow",2015,266412,435,383
294,"E09000018","Hounslow",2016,268270,452,386
294,"E09000018","Hounslow",2017,269100,496,387
294,"E09000018","Hounslow",2018,270782,389,390
294,"E09000018","Hounslow",2019,271523,392,391
294,"E09000018","Hounslow",2020,271767,274,391
295,"E09000019","Islington",2015,227507,177,327
295,"E09000019","Islington",2016,232055,145,334
295,"E09000019","Islington",2017,235000,151,338
295,"E09000019","Islington",2018,239142,155,344
295,"E09000019","Islington",2019,242467,101,349
295,"E09000019","Islington",2020,248115,95,357
296,"E09000020","Kensington and Chelsea",2015,158589,95,228
296,"E09000020","Kensington and Chelsea",2016,156773,99,226
296,"E09000020","Kensington and Chelsea",2017,155741,160,224
296,"E09000020","Kensington and Chelsea",2018,156197,128,225
296,"E09000020","Kensington and Chelsea",2019,156129,116,225
296,"E09000020","Kensington and Chelsea",2020,156864,96,226
297,"E09000021","Kingston upon Thames",2015,171609,144,247
297,"E09000021","Kingston upon Thames",2016,173703,137,250
297,"E09000021","Kingston upon Thames",2017,174609,157,251
297,"E09000021","Kingston upon Thames",2018,175470,130,252
297,"E09000021","Kingston upon Thames",2019,177507,151,255
297,"E09000021","Kingston upon Thames",2020,179142,117,258
298,"E09000022","Lambeth",2015,320736,333,462
298,"E09000022","Lambeth",2016,323063,366,465
298,"E09000022","Lambeth",2017,324048,358,466
298,"E09000022","Lambeth",2018,325917,337,469
298,"E09000022","Lambeth",2019,326034,318,469
298,"E09000022","Lambeth",2020,321813,215,463
299,"E09000023","Lewisham",2015,294999,379,424
299,"E09000023","Lewisham",2016,298903,395,430
299,"E09000023","Lewisham",2017,301307,381,434
299,"E09000023","Lewisham",2018,303536,374,437
299,"E09000023","Lewisham",2019,305842,328,440
299,"E09000023","Lewisham",2020,305309,276,439
300,"E09000024","Merton",2015,205965,241,296
300,"E09000024","Merton",2016,206706,254,297
300,"E09000024","Merton",2017,206052,234,296
300,"E09000024","Merton",2018,206186,219,297
300,"E09000024","Merton",2019,206548,202,297
300,"E09000024","Merton",2020,206453,134,297
301,"E09000025","Newham",2015,336254,511,484
301,"E09000025","Newham",2016,344533,607,496
301,"E09000025","Newham",2017,347996,517,501
301,"E09000025","Newham",2018,352005,484,506
301,"E09000025","Newham",2019,353134,476,508
301,"E09000025","Newham",2020,355266,366,511
302,"E09000026","Redbridge",2015,297928,560,429
302,"E09000026","Redbridge",2016,301328,553,434
302,"E09000026","Redbridge",2017,301785,614,434
302,"E09000026","Redbridge",2018,303858,562,437
302,"E09000026","Redbridge",2019,305222,484,439
302,"E09000026","Redbridge",2020,305658,369,440
303,"E09000027","Richmond upon Thames",2015,194124,125,279
303,"E09000027","Richmond upon Thames",2016,195187,139,281
303,"E09000027","Richmond upon Thames",2017,195680,169,282
303,"E09000027","Richmond upon Thames",2018,196904,151,283
303,"E09000027","Richmond upon Thames",2019,198019,131,285
303,"E09000027","Richmond upon Thames",2020,198141,91,285
304,"E09000028","Southwark",2015,308434,209,444
304,"E09000028","Southwark",2016,311655,285,448
304,"E09000028","Southwark",2017,314232,278,452
304,"E09000028","Southwark",2018,317256,269,456
304,"E09000028","Southwark",2019,318830,303,459
304,"E09000028","Southwark",2020,320017,186,460
305,"E09000029","Sutton",2015,199870,182,288
305,"E09000029","Sutton",2016,201945,209,291
305,"E09000029","Sutton",2017,203243,259,292
305,"E09000029","Sutton",2018,204525,273,294
305,"E09000029","Sutton",2019,206349,252,297
305,"E09000029","Sutton",2020,207707,171,299
306,"E09000030","Tower Hamlets",2015,293828,403,423
306,"E09000030","Tower Hamlets",2016,300943,407,433
306,"E09000030","Tower Hamlets",2017,307964,403,443
306,"E09000030","Tower Hamlets",2018,317705,358,457
306,"E09000030","Tower Hamlets",2019,324745,362,467
306,"E09000030","Tower Hamlets",2020,331969,270,478
307,"E09000031","Waltham Forest",2015,270671,373,389
307,"E09000031","Waltham Forest",2016,274222,362,395
307,"E09000031","Waltham Forest",2017,275505,407,396
307,"E09000031","Waltham Forest",2018,276700,365,398
307,"E09000031","Waltham Forest",2019,276983,296,399
307,"E09000031","Waltham Forest",2020,276940,239,398
308,"E09000032","Wandsworth",2015,319477,233,460
308,"E09000032","Wandsworth",2016,321497,243,463
308,"E09000032","Wandsworth",2017,323257,239,465
308,"E09000032","Wandsworth",2018,326474,255,470
308,"E09000032","Wandsworth",2019,329677,206,474
308,"E09000032","Wandsworth",2020,329735,170,474
309,"E09000033","Westminster",2015,238047,237,343
309,"E09000033","Westminster",2016,241974,269,348
309,"E09000033","Westminster",2017,244796,284,352
309,"E09000033","Westminster",2018,255324,238,367
309,"E09000033","Westminster",2019,261317,245,376
309,"E09000033","Westminster",2020,269848,175,388
